:020000040800F2
:1020000000040020392200083B2200083B2200087F
:102010003B2200083B2200083B2200083B2200082C
:102020003B2200083B2200083B22000865D800083C
:102030003B2200083B2200083B22000845EE000836
:102040003B2200083B2200083B2200083B220008FC
:102050003B2200083B22000835E7000875E700082E
:10206000B5E70008F5E7000835E8000811EB0008BF
:1020700025EB000839EB00084DEB000861EB000888
:1020800075EB000889EB00083B2200083B220008A2
:1020900035EF00083B2200083B22000875E80008E5
:1020A0003B2200083B2200083B2200083B2200089C
:1020B0003B2200083B220008A9EE00083B22000852
:1020C0003B2200083B2200083B2200083B2200087C
:1020D0003B2200080DEF00083B22000821EF00081A
:1020E00031E90008F5E900083B2200083B2200081E
:1020F0003B2200083B2200083B2200083B2200084C
:102100003B2200083B2200083B2200083B2200083B
:102110003B2200083B2200083B2200083B2200082B
:102120009DEB0008B1EB0008C5EB000879EA000858
:102130003B2200083B2200083B2200083B2200080B
:102140003B2200083B2200083B2200083B220008FB
:102150003B2200083B2200083B2200083B220008EB
:1021600072B6264880F30888254880F309882548F8
:1021700025490860022080F31488BFF36F8F02F0B6
:10218000FDF80CF0C3FC4FF0553020491B4A91423A
:102190003CBF41F8040BFAE71D49194A91423CBF84
:1021A00041F8040BFAE71B491B4A1C4B9A423EBFFD
:1021B00051F8040B42F8040BF8E700201849194ABB
:1021C00091423CBF41F8040BFAE70AF04FFF0AF0D6
:1021D0004BFF154C154DAC4203DA54F8041B8847ED
:1021E000F9E706F0F7FA124C124DAC4203DA54F854
:1021F000041B8847F9E70AF038BF000000040020FC
:10220000000C00200020000808ED00E00000002085
:102210000004002004170108000C0020440F0020D7
:10222000480F002080320020602100086021000853
:10223000602100086021000892E700F000F8FEE746
:102240002DE9F04FC1F80CD0C3689D46BDE8F08F72
:10225000002383F311882846A04700200BF050FA92
:10226000FEE70BF0B9F900DFFEE7000053B94AB909
:10227000002908BF00281CBF4FF0FF314FF0FF308E
:1022800000F062B9ADF1080C6DE904CE00F006F87B
:10229000DDF804E0DDE9022304B070472DE9F047E2
:1022A0008C46154604461E46089F002B40F0CB8006
:1022B0008A4248D9B2FA82F149B1C1F120030CFA3D
:1022C00001FC20FA03F38D4043EA0C0C8C404FEAEA
:1022D000154EBCFBFEF8A8B20EFB18CC08FB00F9AB
:1022E000230C43EA0C43994529D9EB1808F1FF3236
:1022F00004D2994502D9A8F102022B44A3EB0903A9
:10230000B3FBFEFC0EFB1C330CFB00F0A4B244EA52
:102310000344A04215D92C190CF1FF3304D2A0427A
:1023200002D9ACF102032C44241A43EA02401FB143
:102330000023CC403C607B603146BDE8F0874246DC
:10234000DCE76346F0E7002A73D0B2FA82F3DBB32E
:102350001E4602FA06F5C6F1200321FA03F24FEAFF
:10236000154EB14020FA03F30B43B2FBFEF100FA25
:1023700006F40EFB112CA8B201FB00F81A0C42EA7D
:102380000C42904557D9AA1801F1FF3C04D2904560
:1023900002D9A1F1020C2A44A2EB0802B2FBFEF121
:1023A0000EFB112248439BB243EA0243984244D9B0
:1023B000EB1801F1FF3203D2984201D98A1E2B4457
:1023C0001B1A42EA0C4201E08B1A01224FEA154E19
:1023D000B3FBFEFCA8B20EFB1C330CFB00F8210C77
:1023E00041EA034398452AD9EB180CF1FF3104D296
:1023F000984502D9ACF102012B44A3EB0803B3FBCF
:10240000FEFC0EFB1C330CFB00F0A4B244EA0344B8
:10241000A04216D92C190CF1FF3304D2A04202D9E4
:10242000ACF102032C44241A43EA0140314616461B
:102430007DE71F268DE78C46AEE70A46C0E761467A
:10244000DBE76346EFE78B4206D917B90026304633
:1024500072E7C7E90001F9E7B3FA83F686B98B4260
:1024600001D3824207D8841A61EB030301209C4602
:102470001FB9002660E73046FAE7C7E9004CF8E7E5
:10248000C6F1200CB34022FA0CF41C434FEA144965
:1024900021FA0CF3B3FBF9F820FA0CF5B14029430B
:1024A0001FFA84FE00FA06F509FB183008FB0EFA45
:1024B0000B0C43EA00439A4502FA06F240D9E318AE
:1024C00008F1FF3004D29A4502D9A8F10200234452
:1024D000A3EB0A03B3FBF9F809FB183308FB0EFE64
:1024E00089B241EA03418E452CD9611808F1FF33C6
:1024F00004D28E4502D9A8F10203214443EA0040E8
:10250000A0FB0298A1EB0E014145CE46434602D303
:1025100006D14D4504D2B9EB020E68EB0403013835
:10252000002FA6D0B5EB0E0261EB030101FA0CFC03
:1025300022FA06F34CEA0303F140C7E9003198E7B9
:102540004046C5E74346D9E7704700BF30B587B07E
:1025500001A90C460A221F4B186920F0605018612F
:10256000186940F060501861586B20F01F005863E4
:10257000586B40F009005863986840F480009860F8
:1025800018688007FCD5D86C013A92B224F8020B87
:10259000002AE1D109200A460023148832F8025F9C
:1025A0000133AC429BB284BF22F8025C14808342A8
:1025B000F3D1013B98B20028EDD1082331F8022F66
:1025C000013B9BB21044002BF8D1C0F3CF0007B001
:1025D00030BD00BF0024014030B587B001A90C46D2
:1025E0000A221F4BD86820F46000D860D86840F4F5
:1025F0006000D860586B20F01F005863586B40F0A3
:1026000011005863986840F480009860186880074B
:10261000FCD5D86C013A92B224F8020B002AE1D121
:1026200009200A460023148832F8025F0133AC42C5
:102630009BB284BF22F8025C14808342F3D1013B39
:1026400098B20028EDD10123013331F8022F9BB25B
:10265000092B1044F8D1C0F3CF0007B030BD00BF44
:102660000024014041F23602314B1B889342314A2B
:1026700006D8B3F5617F07D22F49896889052CD523
:1026800064231370107870476FF4486C03EB0C01EF
:10269000632904D81421B3FBF1F3A03BF1E7A3F6BF
:1026A000E5416329F6D9A3F64951E52908D81E2149
:1026B000A3F648534B43E621B3FBF1F30A33E0E7BB
:1026C000A3F62F61812908D81421A3F62E634B436A
:1026D0008221B3FBF1F32833D3E76FF46B60191851
:1026E000A92908D81421A3F56B634B43AA21B3FB96
:1026F000F1F33C33C5E7A3F65B71312906D80A2113
:10270000B3FBF1F36FF49C710B44BAE7A3F68D7140
:10271000A92908D80E21A3F68C734B43AA21B3FB39
:10272000F1F35533ADE7B3F5486FABD00023A8E71D
:10273000622B0020602B0020000C0140024AD3696C
:1027400043F00063D361704700100240024AD3692E
:1027500043F08053D361704700100240024A13686F
:1027600043F48073136070470070004008B5194B44
:1027700019491A686FF311021A605A6822F400327C
:102780005A60DA6822F40032DA609A6822F4003281
:102790009A604B6843F010034B604B689806FCD579
:1027A000FFF7CCFFFFF7D2FFFFF7D8FF4B6843F0EE
:1027B00010034B600023CB614B6823F010034B6088
:1027C000054B5A689206FCD55A6822F010025A60EE
:1027D00008BD00BF0004014000280040F7B51E46B8
:1027E0004FF6FF730193A5230B705A234B70002300
:1027F0000C46154602278870CB700A71E11901A8B2
:10280000013700F012F8052FF8D10722731E154486
:10281000AA4205D3019B1A0A6271A37103B0F0BDED
:1028200013F8011FA1540132F2E710B502680B78CA
:102830004AF201045340082243F30001013A2140C7
:1028400012F0FF0281EA5303F6D1036010BD0000CD
:1028500000230B4A13700B4A13700B4A13700B4A78
:1028600013700B4A13700B4A13700B4A13700B4A08
:1028700013700B4A13700B4A13700B4A1370704796
:10288000EC290020E2290020E1290020E029002095
:10289000DF290020DE290020DD290020DC2900209E
:1028A000DB290020DA290020D9290020030943EA86
:1028B00000108300C0F3850000F0330023F03303E1
:1028C00003435800C3F3460303F0550300F0AA0086
:1028D000184370470123034A834011880B43138038
:1028E000704700BF9A2800200123034A83401088C4
:1028F00020EA0300108070479A28002001F00703A7
:1029000030B5C908012502EB810200219D40013A42
:1029100012F8014F20FA01F343F3000363402B4008
:1029200001315C4004291470F2D130BD002210B591
:1029300000F00704C00801EB800110468B5CE34007
:1029400003F00103934001321843042AC0B2F5D1C9
:1029500010BD00000246C0F30723052B084682B0D5
:10296000D1B209D80E290DD8C3EB03131944064A76
:1029700089B202B0FFF7C2BF0433DBB2012B01D82A
:10298000024AF6E702B0704745280020412800209F
:10299000C0F30723052B82B0C0B209D80E280DD88A
:1029A000C3EB03131844074980B202B0FFF7BEBF60
:1029B0000433DBB2012B01D80349F6E7002002B053
:1029C000704700BF4528002041280020F0B50D4B7E
:1029D0000D4C1B7826780D4CB34201D10020F0BD80
:1029E00004EBC3056F788F4206D114F83370874229
:1029F00002D16D79954203D1013303F00703EBE770
:102A00000120ECE79F2800209E280020A02800201D
:102A1000054B064A1B7812789A4200D17047013361
:102A200003F00703F8E700BF9F2800209E2800203E
:102A300010B509490B7823EA000010F0070408706C
:102A400009D1984207D0054B5B785B0703D5C008D6
:102A5000FFF74AFF0C7010BD9C28002020290020A1
:102A600070B5134B134D1878134B1B7818432B7804
:102A7000C0B28BB11843114B1B7823B1104B93F9A3
:102A80000030002B09DB06220E4B00211A449A422B
:102A900006D109B100232B7070BD1E220A4BF4E74A
:102AA0004C1C13F8016BE4B2002E18BF2146EEE770
:102AB00095280020962800209D280020880E0020C0
:102AC000202900209A1200207A120020024A13784E
:102AD00023EA00031370704795280020CBB2C1F39E
:102AE0000721052982B00ED80E2B1FD803281FD826
:102AF0005A22C1EB011102FB001119440D4B33F8AE
:102B0000110002B07047FD2906D17BB903280FD808
:102B1000094B33F82000F4E7FC2907D133B9032827
:102B200006D8054B03EB80035888EAE70020E8E766
:102B30000120E6E74C0801081C0B0108E7284FD8E4
:102B4000DF2807D8312864D00ED8292857D02A2862
:102B500066D07047A0F1E003072B41D8DFE803F00F
:102B60001540232831403C41392804D0822802D026
:102B700035283FD07047324B1A7892071FD15B78C7
:102B800013F0080F18BF292070472D4A1378D90772
:102B90004DD4527812F0010F22D013F0100F14BF51
:102BA0000020E3207047264B1B7813F0040FF3E757
:102BB000234A137859073CD45278D207EDD5E02048
:102BC00070471F4B5A7891070AD51B7813F0100FE6
:102BD00014BF0020E7207047194B1B781A07F5D463
:102BE0007047174A1378190725D452789107EDD505
:102BF000E4207047124B1B7813F0200FC2E7104BF4
:102C00001A78920619D45B7813F0080F18BF392090
:102C100070470B4B1B7813F0400F18BF2A207047EA
:102C2000074B1B7813F0400F18BF31207047392035
:102C30007047E2207047E62070473520D0E700BF9C
:102C40002029002030B52F4D2B785A0711D500F0E0
:102C5000140100F018020C1F6142A2F1080C61413E
:102C6000DCF1000242EB0C0280F00C04914218BF30
:102C70002046190713D500F0140400F01801A4F140
:102C8000140CA1F11802DCF1000444EB0C045142D5
:102C9000514180F00C02D2B28C4218BF10466D78C0
:102CA000E90713D500F0110400F0180104F1FF3C0E
:102CB000A1F10802DCF1000444EB0C045142514143
:102CC00080F00902D2B28C4218BF1046AA0711D573
:102CD00000F0110400F01801A4F111025442A1F116
:102CE00018055441694280F009026941D2B28C4210
:102CF00018BF104600F0E70213F0100F18BF10467F
:102D000030BD00BF2029002038B5FFF717FFB0F510
:102D1000A44F04463FD2B0F5A04F80F0A680DF2834
:102D200016D8CC2800F28680A7280AD8A42874D800
:102D3000012804D0031F9BB2A12B28BF00242046EA
:102D400038BDA0F1A8039BB21A2B6BD90024F6E77B
:102D5000B0F5804F16D2B0F5005F80F09880E7287C
:102D6000EDD9A0F580739BB2B3F5F85FEED2C0F356
:102D70000720FFF767FF0546E0B2FFF7DFFE40EAF6
:102D80000524DCE7C0B2FFF7D9FE04F470642043E9
:102D900040F42044D3E7B0F5A54F21D245F25F239C
:102DA000984251D845F23F2398420ED845F21F234E
:102DB000984242D8012300F00304A340C0F38502E7
:102DC00043EA421343F40D44B9E7012300F003043E
:102DD000A340C0F3820243EA421343F40C44AEE73B
:102DE00045F2BF2398420AD845F29F23984200F04B
:102DF0001F0034D84AF2F40343EA00249FE7A0F509
:102E0000A543403B9BB21F2BA0D8040204F4F85406
:102E100044F4204444F0F00491E7A0F1240444F485
:102E200080448CE71F4B5834E4B233F8144044F428
:102E3000884484E740F4A04481E74AF2F10300F0BB
:102E40001F0443EA04247AE7012300F00304A340AB
:102E5000C0F3820243EA421343F40A446FE7FFF7E8
:102E6000F1FE040244F4005469E700F01F00FFF78C
:102E7000E9FE03B21A0112B210F0100F18BF134688
:102E8000C4F3431443EA042343F4104457E7C0F364
:102E90000420FFF7D7FE0546E0B2FFF74FFE40EAF9
:102EA0000524DFE72C0B01087FB50F24104BADF88C
:102EB00004001D880F4B1B881D43ADB245FA04F377
:102EC000DB0705D4013CF9D20026304604B070BDC2
:102ED000BDF80430E6B2ADF80C3003993046FFF788
:102EE000FDFDFFF711FF80B20128EBD0EDE700BF39
:102EF0009A2800209828002013B502884379ADF85D
:102F00000420019873B169B1FFF7CEFF0446014672
:102F10000198FFF71FFD2046019902B0BDE810405F
:102F2000FFF7DCBDFFF734FD0446F4E71FB5ADF84D
:102F300004000198FFF7B8FFBDF80430ADF80C307D
:102F40000399FFF7CBFD05B05DF804EBFFF7DCBE9E
:102F500008B503792BB30088FFF7E8FFC3B2C0F3CD
:102F60000330062812D094BF0E30063000F00F0058
:102F7000012812D8F02B12D004D8E72B8CBF0020E8
:102F8000012008BDF43B58425841FAE7F12B18BF25
:102F9000E72B94BF01200020F3E70020F1E7012098
:102FA000EFE71846EDE7002070470346DA68084669
:102FB000511C10B4D96019698A4207D21C681CB12F
:102FC0005968234610BC18479B68985410BC70473A
:102FD000014B1B68184700BF040C00202DE9F04787
:102FE0001F46089B054603F0020A9B0789461446C4
:102FF000D0F80C800FD04C444C450ED1BAF1000FE4
:1030000015D1BDE8F08720212846FFF7CEFF013615
:10301000BE42F8D3EFE71646FAE7284614F8011D3A
:10302000FFF7C3FFE8E720212846FFF7BEFFEB6864
:10303000A3EB0803BB42F6D3E3E700002DE9F0431E
:103040008BB09646DDE91285149CF1B9220517D4A0
:10305000302201218DF8082024F01004A7073DD468
:1030600004F00102002D37D0002A37D0BEF1000F46
:1030700002D114F00C0F00D0013D0A46302625E0A5
:10308000102BEBD124F01004E8E714F0200F14BF4C
:10309000412261220F4600210DF1080C0A3AB7FBCC
:1030A000F3F903FB1976092E94BF3036B618BB42EC
:1030B00001F101018CF80060D0D820294F460CF1B5
:1030C000010CECD1CAE702AFBE540132954201D9DE
:1030D000202AF8D1302606E0002ACED10A46F9E7A8
:1030E00002AFBE540132904501D9202AF8D1082BF5
:1030F00003D1914238BF24F0100442F2100634424A
:103100003CD026051FD4F2B1904501D095421AD18A
:10311000914201D2013A16D02B4EDE40F70724D55A
:1031200091424DD2102B02F1FF3212D1A60632D4B9
:10313000202A13D120222B46009402A9FFF74EFF2C
:103140000BB0BDE8F083102BF0D0022B0DD1202A5C
:10315000F0D002F1280362216B4403E0782102F1F0
:1031600028036B4403F8201C0132202AE2D03021CE
:1031700002F128036B4403F8201C0132202AD9D025
:10318000BEF1000F0ED02D2102F128036B4403F88D
:10319000201C0132CFE7202ACCD002F1280358218D
:1031A0006B44DFE7610704D502F128032B216B4450
:1031B000EDE72307BFD502F1280320216B44E6E7A2
:1031C000102BC4D1B2E700BF040001002DE9F04F7D
:1031D00080460E46154687B03178A9B9D8F8003038
:1031E0006BB9D8F8102052B1D8F8081039B1D8F816
:1031F0000C309A4298BF02F1FF330022CA54D8F82B
:103200000C0007B0BDE8F08F252906F1010603D0B8
:103210004046FFF7CAFEDFE7002406E02D2B19D059
:10322000302B23D144F001041646324612F8013BFC
:103230002B2B12D0F2D8202B12D0232B13D02A2BD9
:1032400058D155F8047B1646002FBCBF44F0020449
:103250007F4217E044F00204E6E744F00404E3E7A9
:1032600044F00804E0E744F01004DDE7A3F1300186
:103270000929E4D83246002713781646A3F1300115
:10328000092930D933782E2B3FD1737844F4006468
:10329000A3F13002092A35D84FF0000A0A20721C27
:1032A00013781646A3F13001092925D9334613F8BE
:1032B000012B6C2A39D031D8682A3DD06A2A45D0F2
:1032C00016F8011B7829A3D8632942D8622900F097
:1032D0008A80632900F0B380252999D0582997D195
:1032E00044F020047DE00A2101FB07330132A3F101
:1032F0003007C1E70027C5E700FB0A330132A3F11D
:10330000300ACDE72A2B03D001364FF0000ACDE773
:1033100055F8043B023623EAE37AC7E7742A01D062
:103320007A2ACDD144F400740BE072786C2AF9D17A
:1033300044F4C0640236C3E77278682A03D044F0CC
:1033400080041E46BCE744F0C004F3E744F4806404
:10335000F7E70122A1F16403DBB29A407F4B1A40E8
:1033600013D1732900F0938070297FF451AF55F881
:10337000041B44F4005444F00104002940F0E380AD
:103380000A230522764900948AE0642901D069293C
:1033900022D144F480440A2324F01004220548BFBB
:1033A00024F00104600404F480622AD5002A7FF42A
:1033B00013AFA10505F1040919D5296800294FEAC1
:1033C000D17202940197CDF800A0B8BF494240469F
:1033D000FFF734FE4D46FFE66F2906D0DBD978298A
:1033E000D9D11023DAE70223D8E70823D6E762060B
:1033F00002D595F90010E1E72006DED5B5F90010F9
:10340000DCE7002A7FF4E8AEA10524F00C0005F10A
:10341000040905D502900197CDF800A02968D6E7E8
:10342000620606D52978002202900197CDF800A007
:10343000CDE7296814F0800F18BF89B2F3E714F0C4
:10344000020422D04FF00109404615F8041BFFF793
:10345000ACFD002C3FF4C0AE4F457FF6BDAE202141
:10346000404609F10109FFF7A0FDF5E7202140469C
:10347000FFF79BFD09F10109B945F7D307F10209EF
:10348000002F18BFA9F10109DEE7A146F2E755F8C0
:1034900004BBBBF1000F07D13B4606223149009423
:1034A0004046FFF79BFD97E6BAF1000F14BF524666
:1034B0006FF00042D9465A4499F8001009B14A45C4
:1034C0000DD114F40063A9EB0B09049302D0D1458C
:1034D00028BFD14614F0020415D14A4609E009F18B
:1034E0000109E9E7202140460592FFF75EFD059AB4
:1034F00001329742F6D8A7EB09024F4538BF0022A8
:1035000009F1010991440BF1FF3204E040460592B4
:10351000FFF74BFD059A12F8011F39B1049B002BF0
:10352000F4D0AAEB02001BEB000FEFD1002C3FF40C
:1035300053AE4F457FF650AE2021404609F10109B8
:10354000FFF733FDF5E70A23404601930294102369
:10355000CDF800A0FFF772FD3EE600BF2108120083
:10356000A9110108A211010830B50E4C2379B3B995
:10357000302282F311880C490C48CA698B60556867
:103580002843506055680A4828435060094A13612F
:1035900002220A7183F311880120207130BD0220BC
:1035A000FCE700BF48240020502400202301674589
:1035B000AB89EFCD002002400A4A13797BB130235A
:1035C00083F311880849C869036943F080030361E4
:1035D00001200023087183F31188137170470220C2
:1035E000704700BF4824002050240020094B73B5C9
:1035F0001D68CB43ADF80630074B4119186802220D
:103600000368DC680DF10603A047B0FA80F04009BA
:1036100002B070BD080C00207024002038B50D4B9E
:103620000D461C680C4B0444186803685B68984797
:1036300043690120195B0023084C094A207013706C
:10364000237014781CB1184613702B8038BDCB43FF
:10365000FBE700BF080C002070240020C8120020E7
:10366000C9120020084A1378032B09D8012161F3FD
:1036700087031370D378C82B84BFC823D3707047D7
:10368000532BF7D91421F2E7D0250020064B1B78E5
:10369000C3F30002DB0706D4044B5A701A709A7009
:1036A0001A71DA705A717047D0250020D825002091
:1036B000044B587019709A701871D9705A71FFF7CD
:1036C000E5BF00BFD8250020012810B501D8C0B241
:1036D00010BDB0F5F75F88BFFF224FF001019EBF1C
:1036E00042090832D2B28B185B1003FB03F4A4B278
:1036F000A04206D2013BDAB29142F4D90139C8B2F4
:10370000E6E7FF2B02D00133D9B2F5E71846DFE731
:1037100010B5044610B9C90FC80110BD80EAE072A7
:10372000A2EBE07212B2002902EB01030DDB891A51
:10373000490191FBF3F1C1F12001C8B24342DBB270
:1037400030EA240028BF1846E7E75B01521A93FBD2
:10375000F2F3C3F16003D8B2F0E70000144B84B079
:1037600003EB4103E42193F85A3001904B43C2EB41
:1037700013231C33002BC0F30720B8BF5B42A0EB20
:10378000C3031BB223EAE373434300201B128DF8EB
:103790000530019BDAB262F30700C3F3072262F33C
:1037A0000F20C3F3074363F3174004B0704700BF13
:1037B0009E060108144B84B003EB4103E42193F807
:1037C0005A3001904B43C2EB13231C33002BB8BF7C
:1037D0005B42DB00C3F1FF031BB2C0F3074023EAE7
:1037E000E373434300201B128DF80630019BDAB2CD
:1037F00062F30700C3F3072262F30F20C3F307430A
:1038000063F3174004B070479E06010830B585B0D9
:10381000C0F3072501901046EC1AFFF779FFC0EBC3
:10382000801300EB830004440020E4B26C432412B4
:103830008DF80540019BDAB262F30700C3F307225B
:1038400062F30F20C3F3074363F3174005B030BDA5
:1038500030B585B0C0F3074501901046EC1AFFF76C
:1038600057FFC0EB801300EB830004440020E4B258
:103870006C4324128DF80640019BDAB262F3070014
:10388000C3F3072262F30F20C3F3074363F3174028
:1038900005B030BD30B585B0C0F3072501909DF867
:1038A00020001B1A1046EC18FFF732FF241A0020E4
:1038B000E4B26C4324128DF80540019BDAB262F346
:1038C0000700C3F3072262F30F20C3F3074363F338
:1038D000174005B030BD30B585B0C0F30745019045
:1038E0009DF820001B1A1046EC18FFF711FF241A50
:1038F0000020E4B26C4324128DF80640019BDAB23A
:1039000062F30700C3F3072262F30F20C3F30743F8
:1039100063F3174005B030BD84B0019000208DF8EE
:103920000420019BDAB262F30700C3F3072262F3BB
:103930000F20C3F3074363F3174004B07047000040
:1039400084B0019000200B4B03EB410393F85A30F5
:103950009B1A8DF80430019BDAB262F30700C3F3BF
:10396000072262F30F20C3F3074363F3174004B049
:10397000704700BF9E06010884B0019000200B4BE9
:1039800003EB410393F85B309B1A8DF80430019BE5
:10399000DAB262F30700C3F3072262F30F20C3F326
:1039A000074363F3174004B0704700BF9E06010849
:1039B0001FB5124C2C3104EB4104E3780190A3F1C4
:1039C0002001C3F120035BB249B231EA210128BFD3
:1039D0001946A3789B1A0B44034400208DF8043049
:1039E000019BDAB262F30700C3F3072262F30F20F0
:1039F000C3F3074363F3174004B010BD9E060108EC
:103A000084B0019000209DF8102003EB430302EBEB
:103A100053038DF80430019BDAB262F30700C3F35D
:103A2000072262F30F20C3F3074363F3174004B088
:103A300070471FB5019048B2494249B230EA2000B0
:103A400028BF08465243C0F1380000FB002080B276
:103A50001C46FFF739FE00EB4000044400208DF8BF
:103A60000440019BDAB262F30700C3F3072262F35A
:103A70000F20C3F3074363F3174004B010BD1FB515
:103A8000019010461C46FFF743FE20448DF80400C9
:103A90000020019BDAB262F30700C3F3072262F34E
:103AA0000F20C3F3074363F3174004B010BD1FB5E5
:103AB00001909DF818001C1A1046FFF729FE241AE1
:103AC00000208DF80440019BDAB262F30700C3F3D3
:103AD000072262F30F20C3F3074363F3174004B0D8
:103AE00010BD000084B0019003F12C00104B03EBDB
:103AF0004003D8789B782038703B4B4302FB003260
:103B000000209DF80430002AB8BF7F3203EBE21397
:103B10008DF80430019BDAB262F30700C3F3072289
:103B200062F30F20C3F3074363F3174004B07047F9
:103B30009E06010884B0019003F12C00104B03EBAA
:103B40004003D8789B782038703B4B4302FB00320F
:103B500000209DF80430002AB8BF3F3203EBA213C7
:103B60008DF80430019BDAB262F30700C3F3072239
:103B700062F30F20C3F3074363F3174004B07047A9
:103B80009E06010830B503F12C04174B85B003EBFA
:103B900044039C78DD78A4F17003C4F1700464B22E
:103BA0005BB233EA230328BF2346C3F138034B43F8
:103BB000203D02FB053212EB420248BF7F320190EA
:103BC00000EBE2108DF804000020019BDAB262F3F2
:103BD0000700C3F3072262F30F20C3F3074363F325
:103BE000174005B030BD00BF9E06010870B5944D6A
:103BF0002B6813F0010610D16C6830460122214673
:103C0000904BFEF7EBFD01202146073004F0D6FD76
:103C100001232A68B3401343C1E099010ED48A4AB4
:103C2000884B12786C6882F0010219201A702146C4
:103C30000122FEF7D3FD19260120E5E7DA0109D4B8
:103C40006C681820012221467E4BFEF7C7FD18261E
:103C50000120D9E713F4000208D16C68172021462F
:103C6000784BFEF7BBFD17260120CDE79E0709D450
:103C700001226C6810462146744BFEF7AFFD01200F
:103C80000646C1E75C0709D46C6802200122214680
:103C90006F4BFEF7A3FD02260120B5E7180712D4EB
:103CA00008F08CF86B4B6C689A68664BC2F3402244
:103CB00082F0010203201A7021460122FEF78EFDD8
:103CC00003260120A0E7D9060ED408F077F85D4B53
:103CD0006C6800F001001870012204202146FEF7F4
:103CE0007DFD042601208FE79A0612D45A4B6C689A
:103CF0009B6805205B0754BF0122584B214648BFF3
:103D00001A78504B05261A700122FEF767FD012034
:103D10007AE75E0609D46C68062001222146504BE2
:103D2000FEF75CFD062601206EE713F080021AD133
:103D30004C4B1B78022B0DD14B490B70414B1A7029
:103D40006C680720012221463E4BFEF747FD0726FF
:103D5000012059E723B9444A13703A4A1370EFE738
:103D6000012BEDD1F7E7DC0509D46C6808200122AE
:103D700021463E4BFEF732FD0826012044E713F4AE
:103D8000006208D16C680B2021462E4BFEF726FD01
:103D90000B26012038E7D80403D443F480532B606A
:103DA00070BD13F4005208D16C680D202146254BDC
:103DB000FEF714FD0D26012026E713F4804208D1FA
:103DC0006C680E2021461F4BFEF708FD0E260120D1
:103DD0001AE713F4004208D16C680F202146194BF2
:103DE000FEF7FCFC0F2601200EE7990509D46C684C
:103DF000092003222146154BFEF7F0FC092603207B
:103E000002E75A0509D46C680A20042221460F4BA8
:103E1000FEF7E4FC0A260420F6E69B020FD4144ABF
:103E2000084BD27A6C68003A18BF012215201A702C
:103E300021460122FEF7D2FC15260120E4E6FEE72A
:103E4000900E0020FE290020FD290020FC290020E2
:103E5000FB2900200010014000140140FA29002035
:103E6000F9290020F8290020F7290020F629002050
:103E7000E52B002038B50BF01FFB3F4C90B10BF049
:103E800007FB3E4A1378042B52D8DFE803F0030DFA
:103E90001C263200552805D101231370384A1370AF
:103EA000384B1870207838BD5528FBD003283FD1F7
:103EB0003349354B18700B785D1C0D703149C8546F
:103EC00002231370EEE7022832D82D490B785D1CCF
:103ED0000D702C49C8540323F3E7042828D8284937
:103EE0002A4B18700B785D1C0D702649C8540423AA
:103EF000E7E7234D29784B1CDBB22B70214D68542A
:103F00002149097801319942CCDAAB78012B13D0E1
:103F1000022B1DD063B91E4B19681C4B03291B785B
:103F200008D8994204D1B0FA80F01A4B40091870B1
:103F30000023C6E7042BF5E7154B1968134B03293B
:103F40001B7803D89942F3D12070F1E7042BFAE7EC
:103F50000F4B1B68032BEBD90C4B1B78042BE7D1C1
:103F6000AA2803D101210C4B1970E1E7BB28DFD14E
:103F70000021094BF8E700BFD92B0020D82B0020E7
:103F8000D72B0020AF2B0020AE2B0020AD2B002024
:103F9000B80E0020E42B0020AC2B002038B5064CD6
:103FA000256808F045F8401B642804D9FFF76EFB2C
:103FB00008F03EF8206038BDC41200204FF4805253
:103FC00008B5002103480CF01CF841F20802024B2E
:103FD0001A6008BD481400204824002070B52E4DFA
:103FE00090B00BF055FA2B78032B48D8DFE803F09C
:103FF000020C1D27552805D10123284A2B70137068
:10400000274B187010B070BD5528FBD0831EDBB253
:104010001E2B34D8214A234B18701378591C117069
:104020001F4AD05402232B70ECE70A2827D11B4AE1
:104030001378591C11701A4AD0540323F3E7174917
:10404000174E0A78531CB054164ADBB214780B7022
:10405000621C9A42D6DA4022002168460BF0D1FF5A
:104060006A4600230136D9B28C420AD82346FF2182
:10407000C4F140029A420ADC684608F0E9FF0023D6
:10408000D1E716F8011F013302F8011BEBE70DF829
:1040900003100133EEE700BF8E2B00208D2B002094
:1040A000652B0020642B002010B5184B1B78C3B182
:1040B000174B93F90030002B13DAFEF7D1FC154CA7
:1040C00020226070144920460CF0F2F8E8B1214635
:1040D000202211480BF0F0FF2046BDE8104007F009
:1040E000A5BEFEF7BDFC0D4C082220700C492046F1
:1040F0000CF0DEF848B12146082209480BF0DCFF3D
:104100002046BDE8104007F061BE10BD880E0020BB
:104110002029002078120020192800209812002061
:104120003928002028B1034B1A7810431870FFF784
:10413000BBBF70479528002008B528B1FEF7C6FC24
:10414000BDE80840FFF7B0BF08BD000028B1034B31
:104150001A7810431870FFF7A7BF70479D280020FA
:1041600030B1044A137823EA00031370FFF79CBFB1
:10417000704700BF9D280020A0F5F04330B41F4CCD
:10418000233B6078A178E278072B35D8DFE803F08D
:10419000040A0C13181F242E03300023C0B230BCB5
:1041A00007F0BCBB0338F8E7FB2928BFFB2104312B
:1041B0000023C9B2F3E7042938BF04210439F7E723
:1041C000FB2A28BFFB2204320023D2B2E7E7042AED
:1041D00038BF0422043AF7E72079FB2828BFFB20E8
:1041E0000430002130BCC0B207F016BC207904288E
:1041F00038BF04200438F4E730BC7047E8280020BA
:104200000020084710B500240E4B1C7007F0F6FE86
:10421000204607F03DFE204607F054FE0A4B1C7076
:10422000FFF742FF2146062208480BF0EAFE084B42
:104230001C70084B1C70084B1C70BDE8104008F047
:1042400079BE00BF952800209D28002078280020F6
:1042500077280020762800207528002038B5084CE3
:10426000084D2368AB4209D0FFF7CCFF064B22680C
:104270001A6007F0A3FD054B2560187038BD00BF1C
:10428000DC2B0020A40E0020E02B0020D92B0020E6
:104290008318B3F5805F10B40C4605D80349014478
:1042A000204610BC0BF008BF10BC7047481400201B
:1042B000002307B501220DF107018DF80730FFF744
:1042C000E7FF9DF8070003B000BD0320FFF7F0BF34
:1042D000002307B502220DF10601ADF80630FFF705
:1042E000D7FFBDF8060003B000BD07B504220023C8
:1042F0000DEB02010193FFF7CBFF019803B000BD66
:104300000F2008B5FFF7F1FF0D28024605D1BDE8E3
:10431000084025200449FFF7BBBF0D22BDE8084037
:10432000002101480BF06DBEE52B00200F4B10B5AE
:104330001B784BB10024002320461A46194601344D
:1043400007F0D8F9532CF6D1094B0A4A1B7812789A
:104350001343DBB213B1084B1B7833B9BDE81040EF
:104360001A461946184607F075BA10BDF028002005
:10437000F82900201E290020DA290020704708B5FE
:104380000346A0B3021FD2B2A02A05D807F0FAFD57
:10439000BDE80840FFF788BE00F12002D2B2072A2C
:1043A00007D800F0070301209840C0B2FEF78EFB4B
:1043B000EEE700F15B02D2B2022A04D8BDE8084061
:1043C000002007F065BD00F15802D2B21A2A04D8C5
:1043D000BDE80840002007F075BD3333DBB2122B77
:1043E00005D807F05FFCBDE8084008F0A3BD08BD94
:1043F00010B50446C0B2FFF7C2FFA4F1E003072BDB
:104400002046BDE8104094BF01490249FFF7F8BEBD
:10441000394100086141000810B5044600285AD00F
:10442000031FDBB2A02B27D82B4B1B787BB90023B3
:104430002A4A12F8011FA14218D00133062BF8D1E5
:10444000204607F05BFDBDE81040FFF72DBE244B72
:1044500093F90030002BEADA224B00F0070103EB5E
:10446000D0039A7801238B401A42E9D0204607F006
:1044700089FDFFF719FEE3E700F12003DBB2072B0C
:1044800008D80123184A00F007041178A3400B4311
:104490001370D8E700F15B03DBB2022B05D8BDE84F
:1044A0001040243880B207F0F3BC00F15803DBB2AF
:1044B0001A2B06D8BDE810400C4A32F8130007F05A
:1044C00001BD3334E4B2122C05D807F089FBBDE8F6
:1044D000104008F02FBD10BD880E0020991200205A
:1044E0002029002078120020952800202C0B01089C
:1044F00010B50446A0F1E003072B94BF0449054919
:10450000FFF77EFEE0B2BDE81040FFF785BF00BFB9
:10451000254100084D4100087FB5084B0A4601932C
:1045200000230293039304936FF00043014601A814
:104530000593FEF74BFE07B000BD00BFD12F00086A
:104540000FB407B504A951F8040B0191FFF7E4FF7C
:1045500003B05DF804EB04B07047000030B5294AA1
:1045600085B0C0F3074310F47F4FD25C0190C0F3D5
:10457000072543D00620FF239DF80440591B6043C4
:10458000B0FBF3F06FF05403434303EB440303EB3E
:104590004303DBB203FB05F4C3F1FF036B432412B7
:1045A0001B12C4F1FF04C3F1FF03514354435343AF
:1045B000091224121B1206281BD8DFE800F004069B
:1045C0001311161A040014461A460020D2B262F3E0
:1045D0000700E4B264F30F2061F3174005B030BD6B
:1045E000134622460C461946EFE71C4613460A4678
:1045F000F9E713460A4621461C46E6E711461446EB
:10460000E3E700BF51040108C82A28BFC82213B538
:104610008DF802208DF800008DF8011000981C46DE
:10462000FFF79CFFC0F30722C0F3074362702070BE
:10463000A37002B010BD0000F8B505460D4B04791B
:104640009E78DF7820463A4631460B4BFFF7DCFF79
:1046500004F17F00094B3A463146C0B2FFF7D4FF60
:10466000FFF714F8AB78DB074CBF013404F1FF34DB
:104670002C71F8BDD0250020D8250020DB25002096
:104680002DE9F04783784FF0000813F0010F14BFB5
:104690004FF0FF350125DFF884A0214FDFF884902B
:1046A000002404268AF801408AF800408AF8024073
:1046B0003A78224453B2022B24DD02F00103434531
:1046C0000BD199F803205346724399F8021099F8D8
:1046D0000100C2F38702FFF797FF013E2C44E7D1A8
:1046E00008F10103022B4FF001080AF1030AD7D1A8
:1046F000FEF7CCFF45453B780BD103B15D1E3D7005
:10470000BDE8F087023252B233EA230328BF1346D2
:10471000D5E7013303F00105F1E700BFD8250020FC
:10472000C0120020D025002013B50B4C2378DB07E6
:1047300010D501ABFFF768FF2378DB070AD59DF89A
:1047400006209DF804109DF8050002B0BDE8104059
:10475000FEF7AEBF02B010BDD025002038B505462B
:104760000479054B054A9978125D58780134FFF7B2
:10477000DBFF2C7138BD00BFD02500203C030108B1
:1047800038B505460479044B2046DA789978013427
:10479000FFF7CAFF2C7138BDD0250020064B1888C2
:1047A00000EB402200EB820000F5585019301880D1
:1047B00000EB1020C0B27047000C0020430658BF29
:1047C000034610B548BF80F0FF030E4C48BF03F00E
:1047D0000F02C3F3011304EB4301497854BF00F007
:1047E0000F0201324A4314F8133010F0800F03EB2C
:1047F0002213DBB2C3F10002D2B218BF134683F01A
:10480000800010BD340301082DE9F04FDFF8D8A077
:1048100089B083469AF8000007F01EF8334F344BF6
:10482000C4B21D883B79ADF810005B085D43314B85
:10483000C0F30729C5F3072503EB440603F5827887
:10484000E3B2994507D8B9F1540F8CBF002001207D
:1048500009B0BDE8F08F9AF8013018F804201A4228
:104860003FD096F85B2096F85A10203A02FB02F0EF
:10487000703901FB010080B203920291FEF724FF20
:104880000095034697F801C0B87897F803E04CEA22
:104890000020039A029940EA0E40D8478DF8140090
:1048A000C0F30723C0F307408DF816008DF81530CC
:1048B000059BADF818301B0C8DF81A300698FFF7E1
:1048C0004DFEC0F30721C0F307438DF81C008DF89F
:1048D0001D108DF81E30C2B2DBB22046C9B206F000
:1048E00009FF02360134ABE7280C0020E82800203D
:1048F000E02500209E0601082DE9F04FDFF8C0A05A
:1049000085B083469AF8000006F0A6FF2D4F2E4B87
:10491000C4B21D883B79ADF800005B085D432B4BAA
:10492000C0F30729C5F3072503EB440603F5827896
:10493000E3B2994507D8B9F1540F8CBF002001208C
:1049400005B0BDE8F08F9AF8013018F804201A423B
:1049500032D0BB78787897F803C096F85B2096F849
:104960005A1040EA0320203A70392B4640EA0C40A6
:10497000D8478DF80400C0F30723C0F307408DF833
:1049800006008DF80530019BADF808301B0C8DF842
:104990000A300298FFF7E2FDC0F30721C0F3074396
:1049A0008DF80C008DF80D108DF80E30C2B2DBB210
:1049B0002046C9B206F09EFE02360134B8E700BFB9
:1049C000280C0020E8280020E02500209E06010891
:1049D0002DE9FF47DFF89480824698F8000006F042
:1049E0003BFF234E234A337915889B0803FB05556B
:1049F000DFF88490C0F30727C5F30725C4B2E1B2FE
:104A00008F4206D8542F8CBF0020012004B0BDE88F
:104A1000F08798F8013019F804201A4223D0B278B0
:104A20007378F07843EA022343EA00402A46D047ED
:104A30008DF80400C0F30723C0F307408DF806008B
:104A40008DF80530019BADF808301B0C8DF80A304D
:104A50000298FFF783FDC0F30743C2B2C0F30721FA
:104A6000204606F047FE0134C9E700BF280C0020AD
:104A7000E8280020E0250020A20701082DE9F04FDA
:104A8000DFF8BC9089B0039099F8000006F0E4FECE
:104A90002C4F2D4B04461D883B79DFF8B0A09B08B6
:104AA0005D43C5F3072505F14000C0B2FFF786FE60
:104AB00080384FFA80FB2846FFF780FEA0F1800681
:104AC000C4F3072876B2E4B2E3B2984507D8B8F148
:104AD000540F8CBF0020012009B0BDE8F08F99F879
:104AE00001201AF80410114228D00095BA7878787D
:104AF00097F803C040EA02205946324640EA0C408B
:104B0000DDF80CC0E0478DF81400C0F30723C0F3B4
:104B100007408DF816008DF81530059BADF818305C
:104B20001B0C8DF81A300698FFF718FDC0F30743E9
:104B3000C2B2C0F30721204606F0DCFD0134C3E712
:104B4000280C0020E8280020E0250020A20701080A
:104B50002DE9F04FDFF8EC803B4D85B0834698F8A7
:104B6000000006F079FE2B794FF6FF760133FF2B1C
:104B700028BFFF23B6FBF3F6DFF8D0A0DFF8D09014
:104B8000ADF80000C0F30727C4B2E1B28F4206D8E7
:104B9000542F8CBF0020012005B0BDE8F08F98F89D
:104BA00001301AF804201A423AD099F80030294806
:104BB000013B5BB21A0635D5324629796B78013153
:104BC000FF2928BFFF215143AA78E87843EA02234E
:104BD000C1F30F2143EA0040D8478DF80400C0F329
:104BE0000723C0F307408DF806008DF80530019BC0
:104BF000ADF808301B0C8DF80A300298FFF7AEFCB8
:104C0000C0F30721C0F307438DF80C008DF80D1099
:104C10008DF80E30C2B2DBB22046C9B206F06AFD92
:104C20000134B2E7C25C8A420AD103F10C0209EBFB
:104C3000420292F801C092784CEA02229642BCD815
:104C4000013BB7E7280C0020E8280020A207010854
:104C500093250020A42500202DE9F04F4C4B8DB06A
:104C600082461878049106F0F7FD4A4BC4B21B78CF
:104C7000DFF824910293494BADF8200003EB440583
:104C800003F58273C0F307280393E3B2984507D86E
:104C9000B8F1540F8CBF002001200DB0BDE8F08F9B
:104CA0003B4B039A5B78125D1A422DD003223C499C
:104CB00009A80BF001FA56460023DFF8D8B00BEB39
:104CC0000A070299F2B2914221D899F8032053437E
:104CD0001B128DF82630099BADF828301B0C8DF87F
:104CE0002A300A98FFF73AFCC0F30721C0F30743C4
:104CF0008DF82C008DF82D108DF82E30C2B2DBB25D
:104D00002046C9B206F0F6FC01340235BDE717F8BB
:104D1000012F95F85A10387A891A95F85B20079375
:104D2000121A02FB02F001FB010080B2069205910B
:104D3000FEF7CAFC024699F8040006F10C0C01309B
:104D4000FF2828BFFF200BEB4C0C9CF801E09CF8DF
:104D500002C0079B4EEA0C2E0EFB00F08DF82630A9
:104D6000C0F30F2013460090069A05990998DDF8C4
:104D700010C0E047C0F307238DF82530C0F3074388
:104D80008DF826308DF82400DBB2013699E700BF9C
:104D9000280C002093250020E82800209E0601080A
:104DA000E928002084B0019000200F4B2C3103EB48
:104DB0004103D9789B782029A3EB010303EB43033C
:104DC0008CBF9B189B1A8DF80430019BDAB262F3FA
:104DD0000700C3F3072262F30F20C3F3074363F313
:104DE000174004B0704700BF9E060108F7B51A4B84
:104DF0001A4A0344527893F804310446134229D0E6
:104E0000174B9E78DD785978FFF7C8FC4FF4B472E1
:104E100001F1B403B3FBF2F702FB17335B1A48BF8F
:104E200003339B1000F0030003FB00118DF80160B9
:104E30008DF800108DF802500098FFF78FFBC0F33B
:104E40000743C2B2C0F30721204603B0BDE8F040DB
:104E500006F050BC03B0F0BD9E060108280C0020EF
:104E6000E828002013B5144B144A0344527893F8F1
:104E70000431044613421DD0FFF790FC0146FFF7B2
:104E80008DFC0F4B40F35700DB787F308DF800101E
:104E90008DF802308DF801000098FFF75FFBC0F33A
:104EA0000743C2B2C0F30721204602B0BDE810405C
:104EB00006F020BC02B010BD9E060108280C0020A0
:104EC000E828002070B5164C237843B3FFF718FA92
:104ED000144B3C255E790023237000200AF0D0FAA1
:104EE000013DFAD14FF47A7008F016FC55230E4CB0
:104EF000042E28BF0426237014230C49201D637040
:104F0000A570E6700BF0E4F92046162165750AF0ED
:104F1000C9FABDE870404FF4FA7008F0FDBB70BDEF
:104F2000F22B0020E52B0020BC0E0020740B0108A2
:104F3000002210B53C24134B1A7000200AF0A0FA8E
:104F4000013CFAD1104C42F2107008F0E5FB2268E7
:104F50000E4B9A4204D1FFF755F90D4B1B682360A5
:104F60004FF4FA6008F0D8FB55230A4A0421137065
:104F70000223537000239370D3701046BDE8104095
:104F80000AF090BAE42B0020DC2B0020A40E0020B5
:104F9000E02B0020BC0E002070B5044607F048F856
:104FA00001222D4B18602D4B1A702D4B1B78002BB6
:104FB00047D0062221462B480BF07AF980B1FFF743
:104FC00081FF2146062227480BF076F855200AF08B
:104FD00057FA06200AF054FA062122480AF062FA2B
:104FE000214D2C6807F024F8204B001B07281E7861
:104FF0002CD807F01DF8844228D007F019F8022EAB
:1050000022D0031B082B1DD00834241A002140F2A3
:10501000E730174E4FF47A720023E4FB0601FDF7E8
:1050200025F908F079FB07F003F8286007F000F88D
:10503000104B186006F0FCFF00220F4B18600F4B5E
:105040001A6070BD0120ECE7C820EAE7022EFBD011
:105050004FF44870E5E700BFA82B0020A62B0020E6
:10506000E42B0020A02B00209C2B0020A00E002071
:10507000A0860100982B0020942B0020902B00206C
:10508000F8B5044606F0D4FF0127274B1860274BDC
:105090001F70274B1B78002B3CD0FFF713FF5520C8
:1050A0000AF0EEF9234D03200AF0EAF92046032125
:1050B0000AF0F8F92C6806F0BBFF1F4B001B07280D
:1050C0001E782CD806F0B4FF844228D006F0B0FF3A
:1050D000022E22D0031B082B1DD00834241A0021D5
:1050E00040F2E730154E4FF47A720023E4FB0601DC
:1050F000FDF7BCF808F010FB06F09AFF286006F0F8
:1051000097FF0F4B186006F093FF00220D4B1860BD
:105110000D4B1A60F8BD3846ECE7C820EAE7022ECE
:10512000FBD04FF44870E5E7A82B0020A62B002009
:10513000E42B00209C2B0020A00E0020A086010064
:10514000982B0020942B0020902B00202DE9F0417B
:10515000044606F06DFF01262A4B18602A4B1E708C
:105160002A4B1B78002B41D0FFF7ACFE55200AF0EC
:1051700087F909200AF084F930460AF081F90821FC
:1051800020460AF08FF906F053FF214B00251860E6
:1051900006F04EFF1F4B204F1860204B3C681D60EF
:1051A00006F046FF1E4B001B072893F8008023D80B
:1051B00006F03EFF84421FD006F03AFFB8F1020F1E
:1051C00018D0031B082B13D008342946241A40F2A8
:1051D000E730144D4FF47A720023E4FB0501FDF72C
:1051E00045F808F099FA06F023FF3860BDE8F08131
:1051F0003046F6E7C820F4E7B8F1020FFAD04FF4D2
:105200004870EEE7A82B0020A62B0020E42B0020FE
:10521000982B0020942B00209C2B0020902B00200A
:10522000A00E0020A08601002DE9F041044606F002
:10523000FFFE4FF00108284B1860284B83F80080D0
:10524000274B1B78002B3CD0FFF73CFE55200AF083
:1052500017F915200AF014F9152120460AF022F951
:1052600006F0E6FE1F4B0025186006F0E1FE1E4B1F
:105270001E4E18601E4B34681D6006F0D9FE1D4B93
:10528000001B07281F7822D806F0D2FE84421ED0C9
:1052900006F0CEFE022F18D0031B082B13D00834C3
:1052A0002946241A40F2E730134D4FF47A72002356
:1052B000E4FB0501FCF7DAFF08F02EFA06F0B8FE71
:1052C0003060BDE8F0814046F6E7C820F4E7022FE1
:1052D000FBD04FF44870EFE7A82B0020A62B00204E
:1052E000E42B0020982B0020942B00209C2B0020E6
:1052F000902B0020A00E0020A086010010B50446CF
:10530000FFF7F6F82046BDE81040FFF771B800003F
:105310002DE9F041674D2B78B3B1674B1B789BB1FA
:10532000664B1B68022B3CD0032B3ED0012B3FD198
:10533000002290231146542006F0DCF9002353206C
:105340001A46194606F0D6F95D4B5E4E1B78347846
:10535000012B6BD12D785C4F002D4BD144F0020412
:10536000347006F065FE554B38601B68022B2ED05A
:10537000032B35D0012B40F09480544B1A78544BBA
:105380001B789A421FD990232A462946542006F0BA
:10539000B1F9002353201A461946BDE8F04106F042
:1053A000A9B9002390229021C5E700231A46FAE705
:1053B000002390221946532006F09CF90023542024
:1053C0001A461946BEE700231A461946DEE73F4B48
:1053D0001A783F4B1B789A42F5D90023902207E0B8
:1053E0003A4B1A783A4B1B789A42ECD92B462A460C
:1053F0009021CBE73D6806F01BFE401B013011D029
:105400002E4B44F002041B683470022BE5D0032BB2
:1054100005D0012B45D1002290231146B6E7002389
:105420001A46E5E724F0020434703AE0022B3ED13C
:105430002D78284FC5B944F00404347006F0F8FD07
:10544000224B29461A78224B38601B7853209A4207
:1054500088BF90222B4698BF2A4606F04BF92B4670
:105460002A462946542098E73D6806F0E1FD401B96
:10547000013018D0002390221946532044F0040430
:10548000347006F037F9002354201A46194606F006
:1054900031F9114C237823B17320FFF72FFF00233C
:1054A0002370BDE8F08124F004043470F1E724F0A7
:1054B0000604B9E7E42B0020F5290020B80E0020EF
:1054C000A00E0020F4290020F0290020EC29002063
:1054D0008D0E0020E8290020E42900202DE9F74363
:1054E000002401251A4F3B68A34203D8284603B085
:1054F000BDE8F083174E184B3068196803682144E3
:105500005B6998478146D6F80080D8F8003040465D
:105510009B6901A99847012809D049EA0000C0B257
:1055200001288CBF002505F001050134DBE740F2BE
:10553000E73C00210198DFF824E04FF47A72E0FBA9
:105540000EC100236046FCF791FE08F0E5F8DCE7A9
:105550000C0C002070240020100C0020A0860100FC
:105560002DE9F347FFF7BAFF002864D0FDF7FCFFF1
:1055700000240546314E20463188FEF737F80028D2
:1055800057D00234B4F5805F06F10206F3D141F240
:10559000010100201226DFF8A4C0294ADFF8A4E0A8
:1055A00001391CD16E4641F20807CDE9002E204694
:1055B0003188FEF71BF820B10234BC4206F1020626
:1055C000F5D14000C4B2012D01D1FDF7F5FF41F244
:1055D00008021D4B1A60204602B0BDE8F0871CF897
:1055E000013B4FEA4E195A40A2FB063806FB0E88D3
:1055F0004FEA421A49EAD26913EB0A0348EB090859
:105600004FEAC21A9B184FEACE194FEA02274EEB17
:10561000080849EA526913EB0A034FEA0E2E48EBD9
:1056200009084EEA126EDB1948EB0E0EBE44C21892
:10563000B6E70446C7E70446CDE700BF481400209C
:1056400025232284E49CF2CB48240020044B1B68D1
:10565000B3F5005F01D3FFF783BF0120704700BFA0
:105660004824002010B5074C01462068FDF7BEFF16
:1056700030B1236802332360BDE81040FFF7E6BF76
:1056800010BD00BF482400208318B3F5805F2DE9CA
:10569000F34704460E46154600F28B80464F0744FA
:1056A000394630460AF004FE002800F082802A467F
:1056B000314638460AF000FDFDF756FF4FF000086E
:1056C00082464FF00009012D2CD0E3072AD4B4F50F
:1056D000804F37D23378727843EA0223012B21D8E6
:1056E000002B0CBF6FF07F036FF05F03002043EAD5
:1056F000542363F30700630863F30F2080B2FFF7BE
:10570000B1FF012806D1023D02340236002DDAD164
:10571000FFF79CFFBAF1010F4BD102B0BDE8F04793
:10572000FDF74ABF3F2C0DD8307844F04003DBB280
:1057300043EA0020FFF796FF0128EBD1013D013439
:105740000136E3E7052D2F4628BF0527C4F30243A2
:1057500043EAC703CDE900893A4631468DF8003067
:105760000DF10300230A8DF801308DF802400AF094
:10577000A3FCBDF80000FFF775FF0128CAD1BDF8F2
:105780000200FFF76FFF0128C4D1012D0DD0BDF835
:105790000400FFF767FF0128BCD1032D05D9BDF830
:1057A0000600FFF75FFF0128B4D1ED1B3C443E44E7
:1057B000ACE702B0BDE8F08748140020F8B50D460C
:1057C00006461446D31D23F0070300AFADEB030DCF
:1057D00069462846FEF75CFD2246694630460AF0D7
:1057E00067FD20B1224631462846FFF74DFFBD46F2
:1057F000F8BD37B50C460546FEF75AFDA04207D066
:10580000012228460DF107018DF80740FFF73CFF04
:1058100003B030BD37B50C460546FEF759FDA04232
:1058200007D0022228460DF10601ADF80640FFF729
:105830002BFF03B030BD00000E4A10B5537804466C
:10584000C3F38001814213D060F3820353700420BC
:105850001188FFF7DFFF0220FDF7EAF8064B1B78FF
:10586000DB0705D52146BDE810400448FEF768BEB9
:1058700010BD00BF2029002094280020AF1101088E
:1058800037B50C460546FEF730FDA04206D004228F
:1058900028460DEB02010194FFF7F6FE03B030BD80
:1058A00010B504460D210F20FFF7EAFF2046BDE8A2
:1058B00010400D222521FFF781BF000070B504467E
:1058C000FEF7CCFC00223C25254B1A70002009F085
:1058D000D7FD013DFAD148F6B80007F01DFF631E61
:1058E000032B204E35D8042C34D1FEF709FD7479F2
:1058F000304644F0040474710425FFF7D1FF1A4BBD
:1059000055201C6009F0BCFD032009F0B9FD002002
:1059100009F0B6FD284609F0B3FD012009F0B0FDFD
:105920004FF47A7007F0F8FE552009F0A9FD032026
:1059300009F0A6FD002009F0A3FD284609F0A0FD0E
:10594000012009F09DFDBDE870404FF47A7007F02A
:10595000E3BE0124E5B203487571FFF7A1FFCEE76E
:10596000E42B0020E52B0020B80E002070B5044683
:10597000FEF774FC0022214B214D1A70631E032B8D
:1059800035D8042C34D1FEF7BBFC6C79284644F0A2
:1059900004046C710426FFF783FF3C25194B1C603F
:1059A000002009F06DFD013DFAD148F6B80007F07E
:1059B000B3FE5523144C154923701423201D637026
:1059C000A570E6700AF084FC16212046657509F082
:1059D00069FD4FF47A7007F09FFE2046162109F00A
:1059E00061FDBDE870404FF47A7007F095BE012468
:1059F000034826466C71FFF753FFCEE7E42B0020E7
:105A0000E52B0020B80E0020BC0E0020740B01080E
:105A100010B50C46FDF726FE01460820FFF730FFC3
:105A2000E1B22420BDE81040FFF7E3BE2DE9F743C3
:105A3000284C994623780546DF078846164645D503
:105A4000DFF894C09F081CF8077003F0FC03DFF830
:105A50008CC0042B8CF8007025D101ABFEF7D4FD6F
:105A60002378D90707D59DF806209DF804109DF8E6
:105A70000500FDF71DFE1A4F657084F80280E67080
:105A8000B9F1000F1AD0D4E90001FFF7C1FF3B784C
:105A9000DA071BD5E378A2786178124803B0BDE835
:105AA000F043FEF74DBD022F01D1E678E3E7062F64
:105AB00001D16578DFE7092FDDD1FAE73B78DB0715
:105AC00004D53346424629460748E7E703B0BDE818
:105AD000F08300BFD02500203C0401086825002089
:105AE00094280020C4110108E91101080548012388
:105AF000C27881783232FF2A28BFFF224078D2B2A2
:105B0000FFF794BFD025002005480123C278817893
:105B1000323A22EAE2724078D2B2FFF787BF00BF82
:105B2000D025002070B5002834D0142834D800F0D7
:105B30003F00224C224D237860F38703237069B322
:105B4000D4E90001FFF764FF2B78DA0705D5217847
:105B50001C48C1F38501FEF7F3FC217801221A48A5
:105B6000C1F385010AF09AFA2D78184B184E05F00A
:105B70000105C8B100225A7015B11648FEF7E0FCC5
:105B80000123E278F370A17860780023BDE87040CB
:105B9000FFF74CBF0120CCE71420CAE72B78DB07C6
:105BA000DBD501460C48D6E701225A7006F040FAD0
:105BB0003080002DE4D00948E0E700BFD025002068
:105BC0009428002010120108020C002068250020F3
:105BD000622500204A1201082C12010863120108F4
:105BE000074B1B78C3F385000130C0B2152828BFCE
:105BF0000120DB0702D50121FFF794BF704700BFEA
:105C0000D0250020074B1B78C3F38500013810F026
:105C1000FF0008BF1420DB0702D50121FFF782BF78
:105C2000704700BFD025002010B5FDF79DFC04464D
:105C3000FFF754FCFEF7C2F9012C03D1BDE8104078
:105C4000FDF7BABC10BD0000F0B5324C87B0FEF7CE
:105C500057FB6379304F03B13B60012523782F4E0A
:105C60003370FFF7E1FF4FF6E6610020FFF7D2FD4A
:105C700000210220FFF7BDFD294B294603201D808E
:105C8000FFF7B7FD4FF4A0510420FFF7C3FD00213B
:105C90000620FFF7AEFD00210720FFF7AAFD002137
:105CA0000820FFF7EDFD00212420FFF7A2FD0021D1
:105CB0001720FFF79EFD00210C20FFF79AFD002121
:105CC0000D20FFF796FD002300226846CDE9002352
:105CD00018210822FFF772FD00212020FFF7D0FDD8
:105CE0000D22002102A80AF08CF902A8FFF7D8FDC6
:105CF000257100253B680748637133786570237010
:105D0000A570E570FFF7CCFD29461320FFF7B8FD1D
:105D100007B0F0BDE52B0020840E002018280020DD
:105D2000982800202DE9F0470379054694B0002B10
:105D300000F0AC870121FDF7DFF847F62A0398420F
:105D40000446A14F2CD847F62203984267D89F4BB0
:105D50001E78012E40F0C680A4F5FC40A0F141035E
:105D60009BB2022B00F2D980994B40381B686C79AA
:105D7000984200F0A180002C3ED0FFF7F7FD06F01E
:105D800057F9944B186006F053F90522924B1860AE
:105D9000924B1E70924B1A700022924B1A702BE09D
:105DA000A0F5FC43573B9AB2072AD0D8072BCED890
:105DB00001A252F823F000BF635E00087B5E00087A
:105DC000915E0008A75E00084F5D0008D95D0008DD
:105DD000D95D0008D95D00086B796BB140220021C4
:105DE00004A80AF00EF930235B3C04A88DF81030AB
:105DF0008DF8114007F02CF93B785E0700F04687DC
:105E00006B79002B00F04287774B5B785D0740F1A0
:105E10003D87022014B0BDE8F047FCF709BE734B84
:105E20001B78002BE8D1724B1B781BB9714B1B7888
:105E30000A2BE1D96B79704E63B12046FEF79CF9CD
:105E4000348006F0F5F86D4B186006F0F1F86C4BF5
:105E50001860D1E73288A242CED1338005F016FE19
:105E6000CAE76B79002BC7D00122664B1A70664ACD
:105E7000136823F400631360BEE76B79002BBBD07B
:105E80000222604B1A70604A136823F40053F2E751
:105E90006B79002BB0D003225A4B1A705A4A136800
:105EA00023F40043E7E76B79002BA5D0574A13781A
:105EB00083F0010313709FE7DFF81C8134B106F013
:105EC000B7F8464BC8F800001E7095E7D8F8006098
:105ED00006F0AEF840F6B733801B98428CD83F4BA3
:105EE0001C7089E7022E18D147F640639C4214D1FA
:105EF0006C79474E34B10122464B1A7006F098F87F
:105F0000306079E7366806F093F840F6B733801BC7
:105F100098423FF671AF3F4BE2E7A4F5FC46A6F18D
:105F20004903082B00F2BE80DFE803F00527BC80A0
:105F3000BCBCBCBC93006B79002B3FF45DAFFEF79B
:105F4000C4F9012804460DD104210320FFF751FCB8
:105F50000422314B1A80314B2B4A1C70136823F0FA
:105F6000040313602E4B1A7822B100221A7001220A
:105F70002C4B1A702C4B012210E76B79002B3FF44D
:105F80003BAFFEF7A2F904280ED101210320FFF751
:105F900030FC0122204B1A800022204B1A701A4A32
:105FA000136823F0040313601E4A1378002BE1D01A
:105FB00001211B4B197014490B6823F020030B605F
:105FC00000231370D6E700BF9C280020A00E0020FD
:105FD000B80E00204C2900202C290020DC290020AC
:105FE0008D0E0020EC29002020290020F028002020
:105FF000F82900201E290020902800208C2800204D
:10600000882800201D290020900E0020FD29002056
:1060100028290020DB29002098280020FB290020C7
:10602000FA29002085280020412900206C79954E0E
:1060300024B105F0FDFF944B30609CE7366805F015
:10604000F7FF40F6B733801B98423FF6D5AE8E4B34
:1060500046E76B7943B18D4A8D48137883F001038D
:1060600013700373FFF71CFCDFF828828A4998F845
:1060700000201AB9894B1B780A2B24D947F6200334
:106080009C4220D16B79F3B10878854A10B113781E
:1060900083F001037E480B70137043708370FFF729
:1060A000FFFBA9E647F621039C42DDD16B79002B6B
:1060B000DAD0764A1378002BD6D000231370744AB6
:1060C00010461373CEE70B7823B952B9734B1B7884
:1060D0000A2B06D8A4F5F043213B9BB2012B7FF697
:1060E0008BAE6F4B1B7823B942B96C4B1B780A2BD4
:1060F00004D84E3EB6B2022E7FF67EAE47F644631B
:106100009C4219D16B79C1209BB1FEF7F1F947F69A
:106110004B639C4219D1FEF7D8F8022835D86B7929
:106120009BB3604A5A48137883F001031370C3701D
:10613000B5E7FEF75DF9EAE747F645639C420AD109
:106140006B79C22023B1FEF7D3F9E32C0FD00CE01A
:10615000FEF74EF9F9E747F646639C4240F0628548
:106160006B79E2204BB1FEF7C3F9E72C0DD16B79C7
:106170005BB14C4B1B7843B13EE6FEF739F9F4E7CF
:10618000E3206B79E3B1FEF7B3F998F80030D3B1AF
:1061900045F2222224F005039BB293421DD047F61C
:1061A00052639C4240F0A0803F48FEF7C9F96B79EA
:1061B0003E4C3F4E002B00F08780012323709DE66C
:1061C000FEF716F9E1E747F64D639C42E0D16A79A4
:1061D000384B002A3FF4E2ADCDE66B798BB1364EF9
:1061E000D6F8008005F024FFA0EB0800C728334B49
:1061F00043D81A78002A3ED101221A7005F018FF00
:1062000030606B79002B00F01B8500202C4BA4F52F
:10621000E0461870B3B2222B00F220850420FEF76E
:1062200057F8284C013E2080212E00F2FF80DFE845
:1062300016F03B01B70143010D01110147011501A2
:106240004B01570121019E0125015B0129015F01DD
:1062500085012D0163018D0133016901710119016E
:106260004F011D01530137016D017C0197019C0114
:1062700008013F01BF0101321A701A78002AC0D10B
:10628000BAE700BF24290020DD29002023290020AF
:10629000E52B0020F8290020F02800201E290020EE
:1062A00084280020FA2900207C12010840290020BF
:1062B0003C290020D929002080280020DE29002048
:1062C00092280020202900203368B3F5FA6F05D208
:1062D000AB4B1B782BB1A820FFF710F800232370DD
:1062E0008AE547F64E60F7E747F656639C4202D1CF
:1062F0006A79A44B6DE747F655639C420AD16A79E7
:10630000A14B002A3FF44AAD01221A7005F090FE1D
:106310009E4B9DE51A2C0BD19D4B1B78002B3FF417
:1063200070AF52206B79002B48D0FEF7E1F863E59F
:10633000042C07D1964B1B78002B3FF462AF502002
:106340006B79F0E7162C07D1914B1B78002B3FF4AB
:1063500058AF51206B79E6E7072C07D18C4B1B789F
:10636000002B3FF44EAF4F206B79DCE7522C07D166
:10637000874B1B78002B3FF444AF1A206B79D2E790
:10638000502C07D1824B1B78002B3FF43AAF0420EE
:106390006B79C8E7512C07D17D4B1B78002B3FF45C
:1063A00030AF16206B79BEE74F2C0AD1784B1B78A3
:1063B000002B3FF426AF07206B79B4E7FEF718F8FF
:1063C0001AE547F65B639C4240F00A846B79002B28
:1063D0003FF417AF6F4A7048137883F001031370CE
:1063E000C372FFF75DFA6D4A136823F4001342E5A8
:1063F000E12226231146687907F0DCF9FCE4272323
:10640000E522E521F7E72623E122E021F3E7272330
:10641000E522E421EFE72623E122E221EBE727232F
:10642000E522E621E7E728230122EAE7237843F083
:106430000103237004202188FFF7ECF9FDF7E2FE49
:10644000DAE4637843F008036370F3E7237843F0FA
:106450000203EEE7237843F00403EAE7237843F0EE
:106460000803E6E7637843F00103EDE7637843F060
:106470000203E9E7237843F01003DAE7237843F0D7
:106480002003D6E7237843F04003D2E7FDF7BAFEB6
:10649000237843F08003CCE7237843F00C03C8E76C
:1064A000637843F00303CFE7237823F00103C0E7C9
:1064B000637823F00803C7E7237823F00203B8E7E3
:1064C000237823F00403B4E7237823F00803B0E72C
:1064D000637823F00103B7E7637823F00203B3E79F
:1064E000237823F01003A4E7237823F02003A0E708
:1064F000237823F040039CE7FDF784FE237823F004
:10650000800396E7237823F00C0392E7637823F067
:10651000030399E72378C3F3800282F00102D2B229
:1065200062F3820362F3C30383E76378DA4302F022
:10653000010262F3000362F3410385E72378C3F3AA
:10654000801282F0010262F3861372E7FDF75AFEB1
:106550002378C3F3C01282F0010262F3C71368E725
:1065600001210E20FFF745F964E70021F9E72378C0
:10657000C3F3001282F0010262F3041359E700BF73
:1065800039290020F529002038290020342900204D
:10659000302900201F290020E52B0020900E00202C
:1065A0002378C3F3000282F0010262F3000340E7A4
:1065B0006378C3F3C00282F0010262F3C30343E7CE
:1065C00047F603439C4240F2E28047F65B439C421D
:1065D00000F01B8147F65C439C4200F0108147F6B7
:1065E0005A439C4200F014812A886B79ADF80C2044
:1065F0000398002B00F00E81FCF756FC0446014680
:106600000398FCF7A7F9BDF80C302046ADF8103020
:106610000499FCF763FAFCF777FB97F8008095F88C
:10662000069018F0070804466E79C9F303192AD0BA
:10663000B04646B3C4F3072303F0F002402A11D05A
:10664000C1B201F12002D2B2072A40F2E78003F082
:10665000E003202B06D1012940F2E080B9F1000FC0
:1066600000F0DF80A94B93F8018018F004080AD0ED
:106670000220FCF7DDF93B7813F0070F0CBF4FF059
:1066800001084FF00008C4F303330B2B00F22581FF
:10669000DFE813F0C900C90002010201A501BD0134
:1066A00023012301C70128023B023B02984B1878C3
:1066B00047F634039C4200F0220031D847F620030D
:1066C0009C4291D9A4F5F044223C122C41D801A35C
:1066D00053F824F0596700085F67000865670008F1
:1066E0006B67000871670008776700087D6700081E
:1066F0008367000889670008F95D0008F95D0008F4
:10670000F95D0008F95D0008F95D0008F95D000811
:10671000F95D0008F95D0008F95D0008F95D000801
:1067200047F64F639C420ED047F650639C420DD013
:1067300047F64E639C427FF457AF764A764905F0A0
:10674000B3F9FFF759BB754A7549F8E7744A7349BD
:10675000F5E7744A7449F2E7734A7249EFE7734AFE
:106760007349ECE7724A7149E9E7724A7249E6E710
:10677000714A7049E3E7714A7149E0E7704A6F492D
:10678000DDE7704A7049DAE76F4A6E49D7E7B4F53A
:10679000F84FFFF429AFA4F5F844013C022C03D8CC
:1067A000DFE804F0260E1F00FDF72CFD46F2A810CE
:1067B00006F0B2FF44F24D22644B9A6206F036FCBA
:1067C00063490B78C3F3000282F0010262F3000315
:1067D0000B70DB074CBF5F485F48FDF7B1FEFFF76A
:1067E0000BBBFFF721FA4FF6FF710020FFF712F8FD
:1067F000FDF708FD46F2A81006F08EFFDEE7434BDA
:10680000587880F00400C0F38000FFF715F8EBE63D
:106810000120FAE7FCF7BCF80446F4E64FF0000864
:1068200031E7C8462FE7C4F30329C4F307224FEA30
:1068300009130F2A88BF9946E4B2AEB1B9F1000F2F
:106840000CD004F12003DBB2072B00D954B9304A35
:10685000137849EA03031370FDF726FC2046FDF781
:10686000DBFD3AE03D4AF3E72046FDF788FDB9F14C
:10687000000F32D004F12003DBB2072B00D91CB982
:106880004846FCF723F904E0344A137823EA090365
:106890001370FDF709FC20E0C4F30320C4F30723C1
:1068A00003F0F0030201E4B2202B18BF104644B1FC
:1068B000012C7BD0002E00F08480B9F1000F53D062
:1068C000CCE7124B5B785C074AD426B128B1104A5A
:1068D00013780343DCE70028D3D1B8F1000F0ED0C2
:1068E000387810F001030AD16B71C008FBF7F2FF92
:1068F0002846FFF717FA3878C008FBF7F5FF0021A4
:10690000284614B0BDE8F047FCF7F6BA202900206D
:1069100095280020055C0008E15B0008095B000881
:10692000ED5A000801B90008E5B8000891B900085F
:106930007DB90008C5B90008A9B90008FDB900086B
:10694000E1B9000875BA00085DBA0008006C0040A3
:106950009428002092120108A31201089D2800200B
:1069600086B1B9F1000F02D1FDF7DCFBB5E7B9F153
:10697000010FB2D1A64A137830EA0301ADD0034328
:106980001370AAE7B9F1000FA7D10190FDF7D4FB6E
:106990009F4A0198137818421CBF834313709D4A85
:1069A0001378184299D023EA0003E9E71EB1B9F140
:1069B000050F92D8D8E7B9F1040F8ED8FDF7BCFBCC
:1069C0008BE7B9F1000FF9D0392C0CBF4FF4FA5016
:1069D000012006F0A1FE2046FDF7D1FC7DE714F46E
:1069E000406FC4F3812308D0012B7FF476AF66B1EA
:1069F000C4F3090005F066FA6FE726B1C4F3090095
:106A000005F046FA69E73046FAE73046F2E7E0B2C9
:106A100026B105F0E5F806F08DFA5EE705F042F9DB
:106A2000F9E714F4407F29D16EBBE00648BF0F267A
:106A3000C4F342124FEA8202D2B248BF964004F039
:106A40000F03C4F3812448BFF643022C03FA02F378
:106A5000714A0DD0032C0FD0012C04D01188334380
:106A60000B4013800FE011880B431E4316800AE091
:106A7000334311884B40F4E73343F2E7C4F3012278
:106A800026B1D10704D405F099F926E7012AFAD9ED
:106A900014F0100218BF0F22C4F342114FEA810113
:106AA000C9B218BF8A4004F00F03C4F3812418BF91
:106AB000D243022C03FA01F358490DD0032C0FD016
:106AC000012C04D013430A8813400B80DBE70888AD
:106AD00003431A430A80D6E713430A885340F4E776
:106AE0001343F2E75FFA84F9C4F3032436B1204676
:106AF000FBF7F0FE4846FDF715FBC4E74846FDF7F7
:106B00001BFB2046FBF7F0FEBDE75FFA84FAAAF113
:106B1000F003042B47D8DFE803F003271017210008
:106B200046B1B9F1040FAED80123C4F304243B4AA3
:106B3000A3409EE7B9F1050FF5E7C4F30420002E4A
:106B4000E0D1FBF7C7FE9EE7344A002E8ED001232A
:106B5000C4F3042403FA04F4148094E7DFF8C0A01B
:106B60009AF801305A0704D4C4F30420002EC9D087
:106B7000E7E76EB1C4F304242046FBF7ABFE9AF8B6
:106B800001305B07DDD5E40044F003043C70D8E736
:106B90000120FBF74DFFB9F1010F7FF674AF022022
:106BA000FBF746FF6FE74EB1B9F1000F03D0504637
:106BB000FDF732FC67E7C4F30420C2E7B9F1000F28
:106BC0000BD0BAF1390F0CBF4FF4FA50012006F088
:106BD000A3FD5046FDF7D3FB55E7C4F3042091E72E
:106BE000A4F5F843183B062B3FF60BAB01A252F875
:106BF00023F000BF076400080F640008F163000879
:106C0000FF630008176400081F6400082764000879
:106C10009628002097280020982800209A280020F5
:106C20002029002047F647639C423FF4A9AA47F673
:106C300048639C427FF46BAAE7206B79FFF7A2BA06
:106C400047F616439C427FF431AD124B1B78002B64
:106C50000CBF2920352005F095F913E047F61643BF
:106C60009C427FF4ADAC0C4B1B7803F0AA03002BC5
:106C700014BF01220022074B0CBF292035201A70B7
:106C800005F03CF9FDF710FAFFF7B6B814B0BDE80F
:106C9000F08700BF93280020952800201C49F8B5F4
:106CA0008B790F2B0AD84B7943B11A4B1A4A1B78B0
:106CB00015784E780F78194CAB4200D1F8BD04EB33
:106CC000C300027902B34278B2421DD114F83320D6
:106CD000BA4219D14279BAB94288B1F802C0A2EBDE
:106CE0000C0292B2C72A0FD801228B7962F30713E4
:106CF0008B71837962F3071383710548FFF712F8EC
:106D0000BDE8F840FBF784BE013303F00703D3E787
:106D1000E02800209F2800209E280020A028002096
:106D20002DE9FF470546824C06220146684609F0D8
:106D3000C3F994F804906F792A79B9F1000F12D150
:106D40007AB1002F00F0F0802846FCF701F9002806
:106D500000F0EA8008222946754809F0ADF9FFF7EE
:106D60009DFF012442E0B5F802A063886679AAEB92
:106D7000030395F800809BB2002E00F0A680C72B7D
:106D800067D8002AEDD0A37962780F2B697850D8A4
:106D900091420FD1227842450CD1002F44D10122DB
:106DA000204662F30713A371FEF7BCFFA379AB7112
:106DB00000241BE0002F37D13A464046FBF706FE81
:106DC0004046FBF703FE04460028F1D10098FCF78B
:106DD000ADF8C0F30332032AC3B20BD8012A13D98A
:106DE00010F4706F15D0AA790F2A12D8204604B07B
:106DF000BDE8F087063202F00F02012A0ED92846BC
:106E0000FEF790FF3446F1E710F4706F01D0002BCD
:106E1000ECD02033DBB2072BE8D9F0E7EF2BE5D934
:106E20000F33DBB2022BF7E7A37943F00103A37121
:106E3000BEE791422ED1227842452BD157BB28463E
:106E4000AB71FEF76FFF08222946204609F034F99E
:106E500087E7A3790F2B08D82046FEF763FF0822A7
:106E60000021204609F0CDF8A2E7002A3FF479AFCF
:106E700061786A7891420DD1227842450AD14FB9A2
:106E80002846AB71FEF74EFF08223946204609F02E
:106E9000B8F866E72846FCF75BF8002844D0002FD6
:106EA00042D0A3791F2B7FF655AF228802A8ADF8F8
:106EB00008200022ADF80AA08DF80C908DF80D2066
:106EC0008DF80E30FEF72EFF44E7C72BC7D8002AF7
:106ED0003FF447AF47B362786B789A421AD1237870
:106EE000434517D1A379DA0710D40F2B0ED9AB7114
:106EF00003F0F003F02B06D0AB79C3F30312013299
:106F000062F30713AB712846FEF70CFF08222946EF
:106F100007489BE72846FCF71BF800287FF41AAFC8
:106F2000A37943F00103A3712846FEF7FBFE18E79F
:106F3000E0280020F0B589B0CDE900019DF80550AA
:106F400000220DB12A490A709DF80460DDE90001B4
:106F5000ADF80E2002903EB1012102A88DF80C6020
:106F60008DF80D50FBF7C8FF8DF80C608DF80D50B3
:106F7000DDE90201CDE9040104A8FFF7D1FE1D4EB1
:106F800007461D4CB8B9DDE90401CDE906019DF8BD
:106F900014103378227871B15D1C05F00705954215
:106FA00010D01648082206A900EBC30009F084F8A7
:106FB0003570FBF72DFD114D2078337883420BD1CE
:106FC00009B0F0BDFDF71EF9082239460C483770AC
:106FD000277009F016F8EEE705EBC000FFF7A0FEFA
:106FE0000028EDD02378013303F007032370E3E793
:106FF0009D2800209E2800209F280020A0280020F7
:10700000E028002073B505F013F80A4D84B22B88F0
:10701000A3420DD00026ADF8006005F009F8ADF8E8
:107020000460ADF80200DDE90001FFF783FF2C806A
:1070300002B070BD1628002010B5304C0522A3699F
:10704000022143F40073A361A3692D4843F00803B0
:10705000A36107F0C1FD2B4B9A6842F400029A60CD
:10706000626822F440426260626842F440426260B8
:107070005A6822F470225A605A685A605A6822F498
:1070800080725A60204AD2F8801421F44051C2F82C
:107090008014D2F8801441F48051C2F880149A68A8
:1070A00022F002029A609A6822F460229A609A683A
:1070B00042F460229A609A6842F480129A609A6858
:1070C00022F400629A60DA6A22F47002DA62DA6A02
:1070D000DA629A6842F001029A609A6842F0080205
:1070E0009A609A681207FCD49A6842F004029A6087
:1070F000044A93685B07FCD410BD00BF0010024037
:10710000000C014000240140002001402DE9F04323
:10711000284D97B007AC0FCD0FC40FCD0FC40FCDC6
:107120004FF001080FC495E807000F2584E8070019
:1071300007AE56F8041B4A1C0BD021F00F0701F0D4
:107140000F0108FA01F406222146384607F044FDF3
:107150007C61013D15F0FF05EBD1174D01AC0FCD62
:107160004FF001080FC495E803004FF030090625E1
:1071700084E8030001AE56F8044B631C12D024F0DF
:107180000F0704F00F040322384608FA04F107F051
:1071900023FD89F311882146384607F027FE002396
:1071A00083F31188013D15F0FF05E4D117B0BDE868
:1071B000F08300BFE00201081C03010870B586B02F
:1071C0006C46284D0FCD0FC495E8030084E80300FA
:1071D000254C237883B3254D4FF4967006F09CFA26
:1071E0000A2268460623016821F00F06B66801F0FE
:1071F0000F0126FA01F1C9071ED5013B13F0FF0369
:1072000000F10400EFD1013A12F0FF02E9D1FFF7DB
:107210007DFF2A68164B13432B602B6843F00C0349
:107220002B60144B1A6942F004021A6130BF1A69CC
:1072300022F004021A61CFE70F4B104A196811407F
:107240001960596811405960996811409960D9686E
:107250000A40DA604FF6FF725A610023237006B0CD
:1072600070BD00BF1C030108E3290020007000402E
:10727000010C0C0000ED00E0000401400000FFFFE5
:1072800008B5302383F31188012100F00F039940E2
:10729000032220F00F0007F09FFC002383F31188E6
:1072A00008BD000038B50F24114D55F8040B421CE1
:1072B00001D0FFF7E5FF013C14F0FF04F5D10624EF
:1072C0000C4D55F8040B431C01D0FFF7D9FF013CCE
:1072D00014F0FF04F5D121460C22074808F091FE76
:1072E0002146BDE838400C22044808F08ABE00BFA1
:1072F000F8070108340801080A28002006290020A0
:107300008023674A2DE9F047536108234FF4005763
:1073100053612023DFF88C914FF40074C9F8147086
:1073200053610423604EC9F81040C2F81038307819
:1073300004F0EAFB03224FF480785C4BDFF870A185
:107340001A70FDF7F5FD4FF47A7006F0E5F907F0D5
:107350003DFD05220121574807F03EFC0522022190
:10736000544807F039FC504602224FF40061CAF835
:10737000148007F031FC504602224FF4805107F090
:107380002BFCFFF7C3FE02222146454807F024FCF0
:10739000302585F311880921414807F027FD002495
:1073A00084F3118802224FF40041484607F014FC90
:1073B00085F311880F21484607F018FD84F31188E2
:1073C00002224FF48041484607F006FC85F31188FD
:1073D0000E21484607F00AFD84F3118802224FF47B
:1073E00080612F4807F0F8FB85F311880A212C48AB
:1073F00007F0FCFC84F3118802224FF40061284856
:1074000007F0EAFB85F311880B21254807F0EEFC15
:1074100084F31188284A294D936823F0010393606F
:10742000274B284A19680A431A601A6842F00C026E
:107430001A602B6943F004032B6130BF2B6923F0E2
:1074400004032B61FFF7BAFE2B6923F004032B61C1
:1074500007F022FB07F00AFCFFF724FFFFF7ECFD23
:10746000CAF8108004F0E4FD174B1860174B1C603D
:1074700004F0DEFD164B186004F0DAFD154B1860C1
:1074800004F0D6FD144B1860FBF7E2F90122134B10
:107490001A70C9F8107005F013FD3070BDE8F08760
:1074A000000C014000100140D8290020A00E00204F
:1074B00000080140001401400024014000ED00E0FC
:1074C00000700040010C0C00942B0020902B002039
:1074D0004C29002048290020982B00208C0E0020E9
:1074E0002DE9FF47002401253027A0465C4E01947A
:1074F0000294039456F8041B4B1C4CD087F311885C
:107500004FF0010921F00F0A01F00F0109FA01F90A
:1075100006224946504607F05FFBCAF8149088F3EC
:10752000118800BF00BF00BF00BF00BF00BF00BF89
:1075300000BF00BF00BF00BF00BF00BF00BF00BF53
:1075400000BF00BF00BF00236FEA050EDFF814C1C3
:1075500001A85CF8041B30F8022BB1F1FF3F5FD0AB
:1075600021F00F09D9F8089001F00F0129FA01F173
:10757000C90755D42A430133DBB2062B20F8022C6D
:10758000E7D156F8040C431C01D0FFF779FE4FF405
:10759000076005F09BFD0134E4B26D000F2CADB225
:1075A000A8D10C22304801A908F082FE2F4C0028F7
:1075B00039D00C2201A92C4808F07EFD012323704C
:1075C00004F036FD2A4B18602A4B1C88A4B12A4BC4
:1075D0001D6804F02DFD401BB0F5967F0CD9274D9A
:1075E0002E6804F025FD801B1E2805D904F020FD1F
:1075F00028602046FCF7C0FD214803780133DBB248
:10760000312B037009D91F4B1A68510103D4D96873
:1076100009B30139D9600023037004B0BDE8F087D5
:1076200002EA0E02A7E72378002BCDD0104B1D688D
:1076300004F0FEFC401B0128C6D90C220A4912485E
:1076400008F036FE20B10C2207490F4808F034FD3F
:1076500000232370B8E742F080621A60DBE700BFC6
:10766000F80701083408010806290020082800202E
:1076700004280020902800208C2800208828002042
:1076800000280020900E00200A2800202DE9F04F4D
:10769000944A95481378954F0133DBB2142B08BFF9
:1076A00000238BB0137003783A7801335200B3FB98
:1076B000F2F102FB11330A218D4A037013788D4CCD
:1076C0000133B3FBF1F001FB10338B4813700278E8
:1076D0008A4E0132B2FBF1F301FB1322027088489B
:1076E0002178037849000133B3FBF1F501FB153331
:1076F0003178DBB2037011B10BB9013931708149B6
:107700000B7833B100230B70037005232370032320
:10771000337022B97C4A13780BB1013B13707B4D57
:10772000DFF8EC912B787B4C23B199F80030002BDB
:1077300000F0BE8004F042FB8007337825D5002B93
:107740004BD1714B1B780BBB73490A7842F008028E
:107750000A70A268910507D54FF4007262616F4903
:107760000A6822F008020A606D4A1278F2B9002B0A
:1077700033D1694A137823F010031370694B9A6868
:1077800056072AD404221A6122E033BB5E4B1B78D1
:10779000002BE9D160490A7822F008020A70A26839
:1077A0009205E1D44FF400722261D8E7ABB95A4A8E
:1077B000137843F0100313705A4B9B685B070CD58A
:1077C0002B7813B199F800303BB10422554B5A6124
:1077D000524A136823F020031360534B1B7883B184
:1077E000524B1E6804F024FC801BB0F5FA6F08D9D8
:1077F0004F4A5048137883F0010313708371FEF7EA
:107800004FF84D4E3378BBB14C4BD3F8008004F0A9
:107810000FFCA0EB0800B0F5FA6F0DD903223A4B2C
:1078200044481A700023464A3370137883F00103EA
:107830001370C371FEF734F8424B1B78042B2AD126
:10784000414E337823B17320FDF758FD0023337088
:10785000DFF8F88098F80030EBB13D4E316859B947
:107860003C4B93F900308B427ADA202202A808F0D0
:10787000C8FB02A804F0DAFA3368092B03F101020D
:1078800003BF0023336098F80030326004BF03F177
:10789000FF3388F80030304E3049B36813F400737A
:1078A00064D10A78012A00F2D88001320A7074E0AB
:1078B0001B4B1B7853B11B4B9A68500706D404220C
:1078C0001A61164A136823F020031360A368990510
:1078D00083D44FF40073114A6361136823F00803E3
:1078E0007AE700BF45290020EC2900208D0E0020FA
:1078F000E229002043290020E1290020422900201C
:107900004429002041290020DF290020A00E00206A
:10791000E42B002000100140F4290020900E0020EC
:10792000FA29002000140140402900203C290020B1
:1079300039290020E52B0020382900203429002097
:10794000302900205029002015290020042900207A
:107950000029002020290020000C0140F1280020EF
:1079600002A8CDE9021104F031FA85E700233E4A6E
:107970000B7013783D493E48002B64D0B36813F078
:10798000020360D13B4E3688B6F5617F5BD80B7041
:107990000378312B54D801330370374EDFF8DC8085
:1079A0003378EBB9FAF7D2FD354B82461880FAF7F7
:1079B00013FE40F2E46303FB0AFABAFBF0FA2D4B24
:1079C000A3F800A0FAF74EFE2E4B18702E4B18703D
:1079D00004F02EFB01232D4AC8F800001370337009
:1079E000D8F800A004F024FB42F21073A0EB0A00C8
:1079F000984262D9FAF7AAFD214B82461880FAF71D
:107A0000EBFD40F2E46303FB0AFABAFBF0FA194B10
:107A1000A3F800A0FAF726FE134B1A4A93F800C009
:107A20001070BCF1010F1A4B40F0EA84DFF858E007
:107A30009EF8001088422DD800201870117038E090
:107A400002231370A9E7002303700B78312B02D8AF
:107A500001330B70A1E70123F3E7034A13703223CC
:107A6000034A1370014AECE7F8290020890E002030
:107A70008A0E0020622B0020FD280020F428002020
:107A8000FA2800201E290020F8280020FE280020C7
:107A9000F228002018780130C0B202281870CDD921
:107AA00000201870B84B01318EF80010117083F867
:107AB00000C004F0BDFAC8F80000A3681A0454BF5F
:107AC0000123A368B14A41BFC3F3803383F00103AC
:107AD0005B00DBB213702A789A4228D0DFF8B082BC
:107AE0002B7098F800A0BAF1000F40F00785012B29
:107AF00040F0B184A74B1868032884BF00F003004E
:107B00001860FDF733FF04F093FAA34B186004F0FC
:107B10008FFA0022A14B1860A14B1A6004F088FA7A
:107B2000A04BA14A18600023137005233B709F4BA4
:107B3000D3F8008004F07CFAA0EB0800B0F57A7F5F
:107B400022BF00229A4B1A702B78012B2BD199F867
:107B500000206AB3974ADFF830821178002940F09C
:107B6000F58488F800301370914B93F800A0BAF1B7
:107B7000000F40F0F0843378002B00F0EC848E4B43
:107B800055201E7807F07CFC022007F079FC0920C4
:107B900007F076FC304607F073FC4FF47A7005F07E
:107BA000BBFD88F800A099F80030002B40F0D3848A
:107BB000824E33783BB104F03BFA774B7D4A186034
:107BC0000023337013702B780BB3734B1E6804F0D3
:107BD0002FFA44F62063801B984207D93B78052B87
:107BE00004D1764B1B780BB9FFF78AFB744B1E68E8
:107BF00004F01EFA4EF66023801B984207D93B78AA
:107C0000022B04D16D4B1B780BB9FFF779FB6D4B41
:107C1000DFF8B4A11B786D4E052B40F0EF842B7874
:107C2000002B40F0F1849AF800302BB904F000FAF0
:107C3000012330608AF80030366804F0F9F9801BBF
:107C4000B0F5FA7F40F22A81614EB3689B0540F19E
:107C5000258195F80080B8F1000F40F01F819AF857
:107C60000010012940F01A818023019173610823DB
:107C700073614FF40053636120234FF4007B736101
:107C80000423544AC4F810B01361534B187803F01E
:107C90003BFF019905224F4806F09EFF0522022175
:107CA0004C4806F099FFFFF731FA59460222304658
:107CB00006F092FF4FF0300B8BF31188092130460C
:107CC00007F094F888F3118802224FF400414348EA
:107CD00006F082FF8BF311880F21404807F086F8E9
:107CE00088F3118802224FF480413C4806F074FF6B
:107CF0008BF311880E21394807F078F888F3118842
:107D000002224FF48061304606F066FF8BF3118843
:107D10000A21304607F06AF888F3118802224FF4EE
:107D20000061304606F058FF8BF311880B21304676
:107D300007F05CF888F311881221404607F056F8E6
:107D4000274A284E936823F001039360264B274A65
:107D500019680A431A601A6842F00C021A60336903
:107D600043F00403336130BF336923F0040333610C
:107D7000FFF724FA336923F0040333611C4B1A68BC
:107D800022F480221A6035E0FE280020FC28002022
:107D900022290020B80E00204C290020942B00201E
:107DA000902B0020982B0020EC290020A82B0020ED
:107DB000A62B0020122900201E2900201C290020AB
:107DC00048290020502900208B0E0020182900206F
:107DD000000C014000140140D8290020001001408F
:107DE0000024014000ED00E000700040010C0C0098
:107DF000000401405A6822F480225A609A6822F4F2
:107E000080229A60DA6822F48022DA604FF48022BD
:107E10005A6106F041FEFCF7F5F9FCF745F9C54B50
:107E20001B78052B0BD1C44EC820336C43F01003D4
:107E3000336405F071FC336C23F0100333644FF4AA
:107E4000805606224FF48051BC4806F0C5FEBB4B5D
:107E50005E6106F017F805F0CFFF31460222B74801
:107E600006F0BAFE06F002FFFFF71CFAFFF7E4F88F
:107E70000223B34A0126137000228AF80030B14B66
:107E80001A60FAF7E5FCB04B1E704FF40053236103
:107E900005F016F8AD4B1870AD4B1E70AD4E337833
:107EA00033B1FFF72DFA0122AB4B1A700023337068
:107EB00099F80030002B00F01D81A84B1E6804F0DB
:107EC000B7F8A74B801B984240F21481A5494B6834
:107ED00043F010034B604B689806FCD5FAF72EFC74
:107EE000FAF734FCFAF73AFC4B6843F010034B60A6
:107EF0000023CB614B6823F010034B60994B5A6809
:107F00009206FCD54FF4007800265A684FF4005BC7
:107F100022F010025A60944B4FF480791A68DFF80F
:107F20002CA242F400321A605A6822F400325A60DD
:107F3000DA6822F40032DA609A6842F400329A6019
:107F40008A4B8B4A83F82963C3F88481C3F8048081
:107F500080235361082353612023C4F814B0536174
:107F60000423C4F81080C2F810389AF8000003F017
:107F7000CBFD06F02BFF052201217E4806F02CFEEA
:107F8000052202217B4806F027FE6C4B0222184690
:107F9000C3F814904FF4006106F01EFE02224FF465
:107FA0008051664806F018FEFFF7B0F841460222FD
:107FB0006F4806F011FE4FF0300888F31188092150
:107FC0006B4806F013FF86F3118802224FF400413C
:107FD000694806F001FE88F311880F21664806F013
:107FE00005FF86F3118802224FF48041624806F0B3
:107FF000F3FD88F311880E215F4806F0F7FE86F343
:10800000118802224FF48061594806F0E5FD88F39B
:1080100011880A21564806F0E9FE86F311880222EB
:108020004FF40061524806F0D7FD88F311880B2108
:108030004F4806F0DBFE86F31188504ADFF8408196
:10804000936823F0010393604E4B4F4A19680A432B
:108050001A601A6842F00C021A60D8F8103043F027
:108060000403C8F8103030BFD8F8103023F00403F0
:10807000C8F81030FFF7A2F8D8F8103023F0040346
:10808000C8F8103006F008FDFFF70CF9FFF728FAE2
:10809000FEF7D2FF03F0CCFF3C4B4FF00108186015
:1080A0003B4B1E6003F0C4FF3A4B186003F0C0FF67
:1080B000394B186003F0BCFF284B1860374B83F82E
:1080C000008003F0B5FFFAF7C3FB1F4A82F8008077
:1080D000C4F810B004F0F4FE8AF80000FAF746FB8A
:1080E0002F492E4B0A78002A00F091820E701E70E4
:1080F000FFF706F9294B1B78002B40F09082DFF840
:10810000A480294E98F8003032781343DBB20BB9C3
:10811000FFF7F6F8DFF83090244C99F80030002B88
:1081200000F0AC804FF0000BDFF884A04FF49670A5
:1081300040E000BF50290020005C004000080140E2
:1081400004290020002900208C0E0020D8290020BE
:1081500015290020AC2B0020E4290020982B0020BA
:10816000E0930400002800400004014000E100E02A
:10817000000C0140001401400010014000240140A7
:1081800000ED00E000700040010C0C00942B00207A
:10819000902B00204C290020482900201329002082
:1081A000142900201E290020F8290020E52B00209A
:1081B000900E002089F800B005F0AEFADAF8003031
:1081C00023F00803CAF80030FCF77FF8022800F219
:1081D0005D82AC4B83F800B0AB4AE37A11789942E8
:1081E00006D0003B18BF0123A8481370FDF758FBC9
:1081F0004FF4967005F090FADAF800304FF496706C
:1082000023F00403CAF8003005F086FADAF80030EB
:108210004FF4967023F02003CAF8003005F07CFA82
:10822000DAF800304FF4967023F08003CAF800307B
:1082300005F072FADAF800304FF4967023F040033C
:10824000CAF8003005F068FADAF800304FF496709A
:1082500023F00203CAF8003005F05EFADAF80030C5
:108260004FF4967023F04003CAF8003005F054FA3A
:10827000DAF8003023F40013CAF80030844B854A42
:108280001B78002B00F00A8293681B0708D508238F
:108290005361237A23B901237C482372FDF700FB45
:1082A0002D78002D40F00B82DFF8EC9199F800302A
:1082B0004BB1C82005F030FA89F80050774A1368AE
:1082C00023F002031360764D98F800302A789A4222
:1082D0000AD0C82005F020FA98F800306F4A2B70B9
:1082E000136823F0400313606E4D33782A789A4266
:1082F00009D0C82005F010FA3378684A2B7013684B
:1083000023F0800313606849A37A0A78002A40F0BA
:108310000A82012B0B7040F0F181C82005F0FCF9B6
:108320005E4A136823F400631360604B21791B7865
:10833000C3F3C012914203D054482271FDF7B0FA42
:108340005B4B1D6803F074FE40F6B833401B984247
:108350001ED9DFF86081584E98F80030002B00F0ED
:10836000EA81564A13782BB10023484813702373CF
:10837000FDF796FA00254548E571FDF791FA0323CC
:10838000012233704E4B88F800501D704D4B1A700F
:108390004D4B1C6803F04CFE40F6B833001B98426E
:1083A00010D94A4C23786BB1494B1868FDF786FA0F
:1083B00003F03EFE474B484A186002233B700023FF
:1083C00013702370454B1C6803F032FE40F6B8333F
:1083D000001B984210D9424C23786BB10420FDF762
:1083E0006DFA03F025FE02223A4B18603D4B1A70DD
:1083F0000023394A2370137064200BB0BDE8F08F5E
:10840000BCF1020F12D119780131C9B2012902D889
:108410001970FFF74EBB0021197064231370324AA4
:1084200013700122314B1A70FFF743BBDFF8B8C05D
:108430009CF800108842BFF4FFAA18780130C0B23F
:10844000022818707FF6FAAA0020013918708CF8FB
:1084500000101170E5E7022B0FD10420FDF786FA1A
:1084600003F0E6FD224B186003F0E2FD214B18609B
:10847000214BC3F800A0FFF751BBFCF759FDFFF7F4
:108480004DBB00BFFB2900201F290020E52B002049
:10849000FD290020000C0140FC290020900E002046
:1084A000F9290020F72900201D290020202900207B
:1084B00024290020DD290020DF2900202329002095
:1084C000E1290020E02900202C290020DC290020BF
:1084D000B80E002048290020EC290020282900207F
:1084E000DB2900208D0E0020F8280020FE28002027
:1084F0004C290020942B0020902B00201BB3012B33
:108500000ABF9B4B04201868FDF7D8F903F090FDD3
:10851000984B186003F08CFD974B186003F088FDB2
:10852000964B974A186000231360964A13700223F3
:108530003B700023944A88F8003010461370FDF712
:10854000AFF9FFF7F4BAFCF7F3FCF2E798F8003064
:10855000002B7FF409AB8D4A518813880B43918817
:108560000B43D1880B43118952890B4313439BB2B0
:1085700033B103F05DFD00227E4B1860804B1A6022
:108580007E4ED6F8008003F053FDA0EB0800B0F556
:10859000FA5F1AD9DFF8E8A1DAF80080B8F1250F00
:1085A00013D803F045FD08F101034FF005083060D2
:1085B000CAF80030002006F063FFB8F10108F9D1D5
:1085C00099F80030002B3FF4F3AADFF8C48198F843
:1085D00000A0BAF1000F7FF4F6AA03F029FD654B65
:1085E000186005233B7003F023FD654B3060C3F832
:1085F00000A0012388F80030FFF7E5BA042B03D16F
:108600002B78002B3FF416AB0223FFF713BB614B13
:1086100083F80080604B1A70604BC3F810905B4B7E
:108620005A881C8814439A881443DA8814431A8998
:108630005B8914431C43A4B274B906224FF48071C1
:10864000564806F0C9FA4FF48073544A136106F095
:108650000DFB534B1C7052E5484B1C6803F0E8FCC3
:1086600041F27073001B98427FF649AD06224FF429
:1086700080714A4806F0B0FA4FF48073474A13619C
:1086800006F0F4FA0022464B1A7038E5FBF71DFE9F
:10869000032882BF0122434B1A709DE5936813F0B3
:1086A00008037FF4FDAD08211161227A1AB1364822
:1086B0002372FDF7F5F8012389F80030F0E5012D6C
:1086C0000FD1394DDFF8A8902A78D9F800309A42B6
:1086D0003FF4F9ADC82005F01FF8D9F800302B7031
:1086E000ECE5022D7FF4EFAD2F4D2B78042B3FF4FA
:1086F000EAADC82005F010F80423F0E7022B07D1FB
:10870000C82005F009F8294A136823F400530BE642
:10871000032B7FF40AAEC82004F0FEFF234A13683F
:1087200023F4004300E69A423FF4FFAD1648A272DC
:10873000FDF7B6F8F9E53378002B7FF429AE1C4A33
:108740001378012B10D1022313701A4B1B78022BC4
:1087500006D10123184A0C4813702370FDF7A0F8C6
:10876000FDF772FA04F062FC022B7FF411AEECE725
:10877000B80E0020982B002048290020942B0020C0
:10878000902B0020EC290020E52B0020062900205A
:108790001C290020F22B0020122900200008014093
:1087A00013290020FB290020FC290020900E002026
:1087B000E02900208D0E00202229002008B5024665
:1087C0004FF0FF33024805F012F9012008BD00BF49
:1087D000302A002000232DE98048B34DB3B0059323
:1087E0002B694FF0FF332B612A6900222A612A6925
:1087F000EA68EB60EB680023EB60EB68EB69AB4C7D
:1088000043F08053EB61EB69EB6943F00063EB618C
:10881000EB69F9F7A3FF00231946A54A13605360DB
:10882000083254F82300016042F813100433302B4F
:10883000F7D14FF0FF339F4A40215360C2F8043410
:1088400060229D4B4FF4007083F80623C3F880111B
:108850001960802183F80723C3F8801119604FF451
:10886000807183F80823C3F88011196083F8092305
:10887000C3F8800118604FF4806083F80A23C3F8BE
:10888000800118604FF4000083F81723C3F88001BB
:10889000186083F828230022C3F884115960874B9D
:1088A0000132102A1B605B6003F10803F8D1AB6949
:1088B000834943F4FE7343F00103AB61AB694FF0AE
:1088C000FF33804ACB604A60A2F56452303A0A60B6
:1088D00002F1004202F56052C1F80C34C1F80424E0
:1088E0004FF088327848C1F800247849C36041606D
:1088F000A1F1F661016076497648CB604A60086074
:10890000C1F80C340023012042F28A54C1F8042437
:10891000C1F80024704AD36053601360C2F80C346D
:10892000C2F80434C2F800346C4A02F118019161B3
:10893000D1616B4953609360D360136153611070D0
:1089400013621463D3629162AA6942F40072AA614D
:10895000AA694B60092388608B608B681A07FCD476
:1089600005238B608C6814F00404FBD104220127DA
:108970008C60AB69DFF86C9123F40073AB61AB6979
:10898000594B4FF08008C9F8003009F10C03C9F8C1
:108990000C30C9F81030554BDFF854C1C9F81C3001
:1089A000544B89F804701A74534A5C60DC60DA61D5
:1089B0001C761F70514BC9F814401A4642F804CB7C
:1089C0005A6003F10C02DA601A6103F1540203F1F8
:1089D00030019A615A621A6203F1D4025C611F721B
:1089E000DA619C6219635963C3F83880DA63DB6229
:1089F0009A645A6403F5AA721A64414AC020DA6480
:108A0000404A4FF0200AC3F854213F4A3F4E1146D6
:108A1000C3F858611B65284B4FF0300B83F82503D2
:108A2000C3F884A1C3F804A041F804CB516002F15B
:108A30000C01D160116102F1540191615162116226
:108A400002F1D401D161D1639164516402F5AA713C
:108A500011642F4902F1300CD1642E495461C2F8DF
:108A600030C0C2F834C017729462C2F83880C2F8BD
:108A70005411C2F85861D262126583F82703C3F813
:108A80008481C3F80480244B41F20A0103F10C02F3
:108A9000DA601A61214A1F70DA6141F218025C60E3
:108AA0009C605C613CE000BF00100240580501087A
:108AB000CC1200200000024000E100E0341300204E
:108AC00000080140B88488880010014088883888F0
:108AD0000014014044888888001C0140B413002021
:108AE0000024014050240020140601080020024008
:108AF0003C060108E8130020000800402031002057
:108B000061AF000800380140002A00200051250212
:108B100071AF000800480040E830002000300140FC
:108B20001C625C629962DA62C04BC14E03F10C00B8
:108B3000D8601861BF489962D86130462146DA6230
:108B400000F82C7B38221F705C609C605C611C62AA
:108B50005C6207F056FAB84A74605368B46043F038
:108B6000007353604FF0E02340F2CF225A61072296
:108B70009C61B2491A61B24BB24AB34E82F823806B
:108B80001960B249B4625960B14B33638BF31188F9
:108B900062B6D168AF4B21F4E0610904090C0B43C4
:108BA000D360D2F8FC30AC4943F08073C2F8FC309B
:108BB0000B68AA483B430B6006F1100382F81FA024
:108BC00082F822B0C6E904334FF0FF33F461F16953
:108BD000B3610A462346C6E9082306F13403F3606D
:108BE00000F1C403C0F8F4309D4BC0F8C840C0F891
:108BF000C4309C4BC0F8F070C0F8E4300223C6E9E2
:108C00000066A0F8FC30C6E91444B460F462F46570
:108C1000C6F83C807664C6F85880A6F84870C0F85C
:108C2000F860C0E94247C0F80441E83004F058FA5F
:108C300084F311888C4B8D4ADFF834821A60FBF77D
:108C4000BDF9C8F800908BF31188D9F81C2089F879
:108C50000470136943F08003136184F31188D8F81A
:108C60000000A1460368DFF80CA25B6898478346C2
:108C7000814B8768D3F8E027804B03EA8223019376
:108C8000DBF80810A1422BD90139091BD8F80000E4
:108C9000CAF8001004F00AFF019BDAF8002098429D
:108CA00080F07C81D8F8000002920168496888470A
:108CB000C168002900F06F81029A01EBC2014A6885
:108CC0009144B9F5005FC0F06881DAF800106C4B90
:108CD0007F1AD8F800001F6004F0E8FE694B1860A6
:108CE0004FF00009DFF8A081484608EB0901FAF7C8
:108CF00095FC002801F04B8509F10209B9F5805F68
:108D0000F2D141F2010B1221DFF87CA15F4C604FE0
:108D1000BBF1010B40F0458141F2080A0DF1800BD7
:108D200059464846FAF77AFC28B109F10209D145BB
:108D30000BF1020BF4D1DDE92023BB4208BFA242B4
:108D400001D0FBF73BF941F2080B4FF0000A5846FF
:108D500010A9FAF763FC002800F09181BDF84030BB
:108D6000002B00F08B81C3F3811101290BF1020468
:108D7000ADF88030DAB200F08B81022900F08F81EB
:108D8000002900F03481434B1C60FCF7E9FB08B973
:108D9000FBF714F906224FF480713F4805F01CFFE1
:108DA0004FF480733C4A4FF4004113613B48022268
:108DB00005F012FF02224FF48041384805F00CFF05
:108DC00002224FF40071364805F006FF2021344C92
:108DD00006222046616105F0FFFE4FF400712F4B23
:108DE00006221846196105F0F7FE04212D4B0622D4
:108DF0001846196105F0F0FE082120466161002443
:108E0000062205F0E9FE06224FF40051234805F042
:108E1000E3FE10220021244807F0F3F8234B244FEF
:108E20001C70244B1C7005F021FF45E00814002045
:108E3000502900200038004000000140803200200E
:108E40004014002000ED00E08024002000500020AD
:108E5000640601080003FA05001000E0480F002036
:108E6000DBAA000851220008040C002049D60008A3
:108E700070240020100C002000F0FF1F00FCFF03F6
:108E80000C0C0020080C002048140020252322840C
:108E9000E49CF2CB4824002000080140001001406F
:108EA000000C014000140140E8240020F9240020B7
:108EB000E4240020F8240020824B41F288303B60FB
:108EC00004F02AFC8048FBF73BFB302383F3118836
:108ED0007E4BF2691A607E4B1C607E4B1C6084F3F3
:108EE00011884FF00108062221467B4807F089F8D7
:108EF0007A4B03224FF48061794883F8008005F0B3
:108F00006BFE03224FF40061754805F065FE4FF4D7
:108F1000E15004F0DBF82146204602F0DDFD414639
:108F20000646204602F0D8FD6E4B46EA40061E700B
:108F3000FEF7B8F92046FBF7CBF94FF6E663984207
:108F400001D0FCF781FE0220FBF7B2F9664CDFF896
:108F50009C8120700420FBF7BBF9A8F80000FEF705
:108F6000BFFA4FF4C87004F0D7FBFEF7B9FA604BB4
:108F700093F8009019F0010900F0C080FCF754FE4E
:108F80004FF6FF710020FCF745FC44F24D22594B8F
:108F90009A6204F04BF8026992E63A4617460134A9
:108FA0006EE61AF8013B7A016340A3FB01EC01FB7A
:108FB00007CC5C0142EAD3621EEB04044CEB020CCA
:108FC000E41847EB0C0CFA013F02180247EA13675A
:108FD00042EA53624FEAC31E002314EB0E044CEB2B
:108FE0000202241842EB070287181C1990E620465B
:108FF0000DF18201FAF712FB00283FF4C4AE9DF890
:1090000082109DF881309DF8802043EA01231704E7
:109010005BBA9BB207F4E0271F43C2F3C20907EB18
:109020000901B1F5805F0BF104044FEAD2033FF66A
:10903000AAAE12F0300F0AD0204621A90193FAF708
:10904000EDFA00283FF49FAE019B0BF106045B078D
:1090500008D520460DF18601FAF7E0FA00283FF422
:1090600092AE02344A460DF1830108EB070007F087
:1090700023F8B4F5005FA346FFF469AE01201E4B50
:10908000C3F800B000283FF480AEFCF7DFFA7EE6BC
:1090900002F03F02C3F3072308F80230E9E7510268
:1090A00001F478511B0A41EA4303591CB1F5805F72
:1090B000BFF469AEC2F3401208F8032008F801A01B
:1090C000D7E700BF140C0020B51201087C24002053
:1090D0007824002074240020E7250020E6250020C5
:1090E000000C0140E52500209428002020290020C4
:1090F0000A280020006C004048240020FBF7E5F817
:109100007C4B7D4E188005F099FD7C481022FF2194
:1091100000F8199B06F075FF79481022FF2100F82E
:10912000199B06F06EFF082231461820FBF7B0F8B5
:10913000744B83F800903378032B12D82378D80728
:1091400008D57148FBF7FCF92378D90702D56F4899
:10915000FBF7F6F96E4B33604FF67F73B38002F086
:1091600095FC2378DA0737D56A48FBF7E9F92378C5
:10917000DB0731D53178684801F00301FBF7E0F9EE
:109180002378D80728D531786448C1F38501FBF7E7
:10919000D7F92378D9071FD571786148FBF7D0F943
:1091A0002378DA0718D5B1785E48FBF7C9F9237838
:1091B000DB0711D5F1785C48FBF7C2F92378D807B3
:1091C0000AD531795948FBF7BBF92378D90703D57C
:1091D00071795748FBF7B4F9DFF858A19AF80030D5
:1091E000002B76D12378DA0702D55348FBF7A8F98C
:1091F0000820FBF77AF881462420FBF759F84F4EF8
:10920000C6E900905FFA89F9B9F1030F16D82378FF
:10921000DB0702D54A48FBF793F94A4B336000233A
:109220003371D6E90001FCF7F3FB0820FBF75DF88A
:1092300081462420FBF73CF8C6E90090FAF712FAC1
:109240002378D80739D54048FBF77AF92378D9072E
:1092500033D531783D4801F00101FBF771F92378EE
:10926000DA072AD531783A48C1F34001FBF768F9AB
:109270002378DB0721D531783648C1F38501FBF728
:109280005FF92378D80718D571783348FBF758F978
:109290002378D90711D5B1783048FBF751F92378F5
:1092A000DA070AD5F1782E48FBF74AF92378DB076D
:1092B00003D531792B48FBF743F9002130782A4B4D
:1092C000C407597002D58008FCF72CFC01238AF8EA
:1092D00000308022254B5A61A3F540635A6842F062
:1092E00010025A604FF00062D2F8F010204A91420A
:1092F00040D0FEE798280020E82800209325002091
:109300006A250020DE250020C61201081B13010873
:109310003500FFC03F1301085913010878130108F5
:1093200095130108B3130108D1130108EF130108C5
:109330000D140108E02400202B140108D025002082
:10934000411401083900FFC88A140108A314010858
:10935000C0140108E0140108FB14010815150108E8
:109360002F1501084915010868250020000C01404F
:10937000EFBEADDE5A68944C22F0E0625A605A6843
:1093800042F080625A60FDF757FEF9F7D7F9F9F716
:10939000DDF9F9F7E3F96B6A43F001036B626A6A7E
:1093A000238892077FD4F92B76D94FF4E12006F079
:1093B00043F810224FF48061844805F00DFC02222E
:1093C0004FF40061814805F007FC8149814804F0B1
:1093D000B1FB814804F0A0F9FAF792FF7F4B804A75
:1093E0001978804C117059797F4A0420116059789E
:1093F0007E4A117099787E4A1170DA7898F80010D8
:1094000022701A79003A18BF012262F3C71188F856
:109410000010784A99791170D979774A1170197AC0
:10942000764A11701A7B764BB8F800101A70FCF768
:10943000F1F9FAF74AFF042840F095802378002BD1
:1094400040F0978003F03CFD6E4B3A6818706E4B0D
:109450001A6000246D4B6E4A1E786E4D13782146BB
:10946000B34200F0EB8018460121285C01330C4622
:1094700003F00F030528F3D801A757F820F000BF29
:109480005F940008619400085F9400085F940008EE
:109490007F9500088B95000801334FF47A70238084
:1094A00004F03AF97BE7F92B3FF67FAF2B6A43F4E0
:1094B00000732B622B6A43F400432B62564B5A68AD
:1094C00022F008025A605A681607FCD51A6842F062
:1094D00002021A60504B5A689506FCD55A684E49EC
:1094E00042F010025A605A6842F010025A6049F67F
:1094F0003F42DA605A6822F010025A604B689C06BC
:10950000FCD5F9F71BF9F9F721F9F9F727F94B68B9
:1095100043F010034B600023CB614B6823F0100332
:109520004B603D494B689806FCD5F9F707F9F9F708
:109530000DF9F9F713F94B6843F010034B60002362
:109540000B6240F2DC534B624B6823F010034B601C
:10955000314B5A689206FCD55A6822F010025A60C4
:10956000F9F704F921E7FAF7B0FE08287FF46AAFAB
:1095700064E7002301222370284B1A7062E71370FE
:109580004FF00102264B1A7063E700241370244B3E
:109590001C70244B1C70244B1C7002F02FFD062203
:1095A0002146224806F02DFD214B20461C70214B00
:1095B0001C70214B1C7002F06BFC204602F082FCF8
:1095C00002F0FCFB45E700BFE22400200010014050
:1095D00078060108002A002070110100E52B002008
:1095E00022290020FA290020B80E0020F0280020AF
:1095F000842800203929002030290020FD2900205E
:1096000023290020D8290020DC2B0020F924002069
:10961000F8240020E82400200028004085280020AD
:10962000FA240020952800209D280020782800207A
:1096300077280020762800207528002001B11370BB
:10964000FDF74EFFAB4BAB490693AB4B1A46089365
:109650000623013B13F0FF030C88108800F0E48020
:10966000844201F1020102F10202F2D0A34B1B7805
:109670009E0700F161810026DFF88482089B069A2C
:1096800033F802BB089332F8023B5B45069200F0C8
:10969000C48083EA0B03F2B20A93C6EB0613079267
:1096A00003EB08020192974A974C1344039300235B
:1096B0000493012302930A9B029A134200F09A80BA
:1096C0009DF810300BEA02070993099B8DF8803052
:1096D000079B8DF8813002F0ABFC4FF001038DF851
:1096E00084303B1E18BF0123ADF882008DF8853011
:1096F000DDE92001FDF71EFC27B1019B1B78FF2B44
:1097000040F03C814FF0000923784B44082B1EDDCC
:10971000C9F1080509F101012A4621447B4806F0F8
:10972000CBFC09F109012A462144794806F0C4FC22
:1097300004EB49016A001931764806F0BDFC09F1D5
:1097400011012A467448214406F0B6FC2570B9F18F
:10975000000F14D0059A23782C3208EB420290783F
:10976000D278E1184A72059A48704A74002103F1D0
:109770000C0204EB42020133517091702370002FF0
:1097800038D0664B1B7803F0FC03802B32D1019B51
:1097900093F800A0BAF1FF0F2CD000270AF12C0398
:1097A0000B934FF00009574BC7EB071508EB050A61
:1097B0001D441AF8013BFF2B12D00799FAB29142CF
:1097C00040F0E08009995FFA89F2914240F0DA8036
:1097D000039B039A1B782033FF2B28BFFF231370B2
:1097E00009F10109B9F10F0F05F10105E1D10137C7
:1097F000062FD6D1029B5B000293049B0133049396
:10980000019B01330193039B01330393049B0F2BB3
:109810007FF451AF069B23F802BC0136062E7FF47D
:109820002DAF02F005FC04E084427FF41FAFFDF78A
:10983000E9FB3B4C2378012B02D13A48FAF7AEFB07
:1098400063785BB3384B22781B78364CC3F38503BF
:109850009B1ADBB2092AA37000F0CA8000F2B8801C
:10986000022A00F0BD80062A00F0BE804FF4FA669E
:109870002E4DE3782BB10027E77002F0D9FBA780CB
:10988000208002F0D5FB47F6FE722388C01A80B212
:10989000904203D8334423482380A847244D2C68A2
:1098A00002F0C6FB8046061B02F0C2FB00221649EE
:1098B000286091F800C01746654604F57F44FF34E0
:1098C000A4EB0804D3B29C4500F2978007B10D7059
:1098D000124D184F2B7813F0030418BF9C083B78E7
:1098E000032B00F2DB80DFE813F0A000D300F101CE
:1098F000C60300BF562500200A2800209428002017
:109900009E060108FB2400206A2500206B2500200C
:1099100073250020832500207B250020E8280020D7
:109920006825002062250020D02500209D3F0008EA
:10993000BC2500202D0C00204348FAF701FE00242E
:10994000424D21464248FAF7FBFD4248FAF7F8FD3E
:1099500035F8022B0134D0B2F8F7A8FF0146100AFF
:10996000F8F7A4FF40EA012189B23B48FAF7E8FD85
:109970003A48FAF7E5FD062CE3D17CE64FF0010901
:109980000593C1E60B9A2C3308EB420108EB430325
:1099900088789A78DB78821AC878C01A404302FB2C
:1099A000020290B2F9F790FE28283FF619AFA0F115
:1099B00018039BB2102B88BF10202B7898BFC0F1E2
:1099C0002800184480B2FF2828BFFF20287007E72E
:1099D0000F2A7FF44BAF224A5B08D65C214D48E743
:1099E000214A224DD65C44E7214A224DD65C40E70D
:1099F000214A5B08D65C214D3BE702F10C0E01EBDE
:109A00004E0E9EF801309EF80280013243EA082390
:109A10009C4223BF9B198EF801301B0A012734BFDB
:109A200005F1FF358EF802304CE70022144B154942
:109A30001A70154B29221860144806F03DFB4FF0B0
:109A400001033B702AE000BF651501080A280020C9
:109A50007C1501083D110108811501083F1401081A
:109A600084060108814600088A0601085D4700084F
:109A70008706010881470008840601083946000866
:109A8000280C00206A250020E025002093250020D6
:109A9000204602F005FB0CB1FAF748FC0026DFF87F
:109AA000F8817E4F98F800305FFA86F94B4500F256
:109AB000F1820022FC267A4C63782178994240F0AA
:109AC0001D830AB102F0B4FADFF8D8A1062251468C
:109AD00020A806F0F1FA00239AF902409AF90370DF
:109AE0009AF904809AF905608AF802308AF80330FE
:109AF0008AF804308AF8053054EA07039AF801908E
:109B00003DD0694BB3F800B002F092FA674AA0EB7F
:109B10000B00137880B2002B00F0348614282EDD61
:109B2000FF2B01D00133137044B102F015F8002C63
:109B3000D4BFFF23012358438AF8020047B102F043
:109B40000BF8002FD4BFFF23012358438AF80300EA
:109B50009AF9020098B19AF903B0BBF1000F0ED048
:109B600001F0E6FF002808BF01208AF802005846ED
:109B700001F0DEFF002800F003838AF8030056EAB4
:109B8000080340D04A4BB3F800B002F051FA494AFA
:109B9000A0EB0B00137880B2002B00F0EE8550286C
:109BA00031DDFF2B01D001331370B8F1000F09D064
:109BB00001F0F4FFB8F1000FD4BFFF230123584395
:109BC0008AF8040046B101F0E9FF002ED4BFFF235C
:109BD000012358438AF805009AF9040098B19AF9CC
:109BE0000580B8F1000F0ED001F0A2FF002808BFD9
:109BF00001208AF80400404601F09AFF002800F096
:109C0000C4828AF805009AF801304B4514D19AF9BC
:109C100002300BB1A3420FD19AF9031009B1B94236
:109C20000AD19AF905200AB1B24205D19AF9040085
:109C300010B90B431A4301D003F07CF9062220A986
:109C4000184806F039FA02F0B9F81B4B04461A78A6
:109C500082420CD0187002F0EBF9184B1B7803F01D
:109C60000503052B03D121461548FAF769FC154B6E
:109C70001B7823B905F020FC08B1FAF7AFF9124CB4
:109C8000237A002B00F08682012B00F09A824FF09D
:109C90000103237298E200BFE6250020E42500209E
:109CA000E725002078280020F025002077280020D4
:109CB000EE25002076280020F225002094280020A0
:109CC00087150108A00E0020900E00205326A84BF7
:109CD000A84A1C702B78A84CC3F301031370A37817
:109CE00030462278617801F005FD731C552B4FF04A
:109CF000540604F10304F2D1A04B1B78002B7ED054
:109D00009F4BA0491A78A04B1B789A424FF40072DF
:109D10009E4B8BBF5A611A61042304238CBF4B6195
:109D20000B619B4B1B7823B1C8221146104601F0F2
:109D300091FDDFF86092DFF8608299F8003033B966
:109D400098F8003083B9954B1B78142B0CD800225F
:109D50001146104601F07EFD99F8003023B1002233
:109D60001146104601F076FD98F800B08C4CBBF11E
:109D7000010F2678DFF82CA266D100228A4B1A70D8
:109D80008A4A8B4B117831B902F052F9884B874AD5
:109D9000186082F800B0D3F800B002F049F942F23E
:109DA0000F73A0EB0B0098423FD800231A4646F0F1
:109DB0002006267090214C2001F09CFC98F8003081
:109DC000022B17D1784B7B4E1A782AB94FF001023B
:109DD0001A7002F02DF93060366802F029F942F26B
:109DE0000F73801B984223D80023902219464C20E1
:109DF00001F080FC98F80030002B43D018E06E4B47
:109E00001B78002B8DD16D4B1B78002B89D05F4BBD
:109E10009A6894055CBF4FF400721A61594B9A68B6
:109E200050075CBF04221A617BE726F020062670EB
:109E30009AF80030002B63D0237823F001032370BD
:109E400000238AF800305BE0BBF1000F44D1564B91
:109E500083F800B0554B1A780AB183F800B04F4B25
:109E60001B78142B0BD8564B46F020061B78267017
:109E7000052B4FF000031A469CD819469BE726F0A5
:109E8000200626709AF800202378002A00F0A0808F
:109E90000022424E43F0010311461046237001F0A8
:109EA000D9FC33781E2B4ED91F3B272B4FF00000D7
:109EB0004FF00A0A52D9337800F10108013B93FBB5
:109EC000FAF3013343451BDB00230E309022194681
:109ED00001F010FC4046EEE726F0200626706DE704
:109EE00000230E301A46902101F004FC40463378DE
:109EF00000F10108013B93FBFAF301334345EFDA2C
:109F000099F8001023782F4A002965D02E49097846
:109F1000002961D0002B66D113780BB10023137098
:109F2000264B1B78002B6BD0234B1B78002B67D064
:109F3000FBF7EEF9254A23781278002A6DD123F039
:109F4000400323707CE000204FF00A0ACFE7902204
:109F50000E300023114601F0CDFB4046337800F16E
:109F60000108013B93FBFAF301334345EFDAC7E7FE
:109F70002C0C00202B0C0020D8250020422900208A
:109F800044290020001401408D0E002000100140E3
:109F900023290020F0280020F82900201E29002075
:109FA000F4290020D9290020C9250020C825002037
:109FB000C4250020C0250020E42B0020A00E002096
:109FC000E2290020DA29002084280020DF2900204F
:109FD00023F00103237093E7E9780B43B149C97873
:109FE0000B43DBB296E71378002B99D1AE4B1B786D
:109FF000002B95D12021AD4B19614FF001038EE765
:10A000005326002330461A46194601F073FB731C91
:10A01000552B4FF05406F4D18AE743F040032370E8
:10A02000A34BA44E1B78A44C052B19D9FF22114633
:10A03000104601F00FFC4FF4007373610423636159
:10A040009E4B18789E4B19789E4B1A7840EA010374
:10A05000134301D001F0FEFB01F092F80323F0E47A
:10A0600000221146104601F0F5FB4FF400733361F6
:10A0700004232361E4E7944B1B780BB101F006FD48
:10A08000924B1C6801F0D4FF001B0F287FF606AD31
:10A090000023D6E40021484601F01EFD01210446BC
:10A0A000484601F019FD8A4B44EA400013F80920A4
:10A0B000C0B202F0030188421AD040EA820003F8DD
:10A0C0000900844B00F00F001C5C17F809301C4499
:10A0D00064B2032C0EDD0021484601F0E9FC634226
:10A0E00003F0030304F0030458BF5C4207F809407F
:10A0F0000136D7E4E11CF2DA0121EDE7E2189778A6
:10A1000001334FFA87F903F00303C7F30607B9F1E8
:10A11000000F63708DF838702BDAFD234FF00208C2
:10A120008DF8393001F084FF4FF00103ADF83A00AB
:10A130008DF83D308DF83C80DDE90E01FCF7FAFE2C
:10A14000B9F1000FB6BFFD238DF831608DF83130C5
:10A150008DF8307001F06CFF0023ADF832008DF8FF
:10A1600034808DF83530DDE90C01FCF7E3FE012287
:10A17000A2E48DF839604FF0030801F059FFD3E7EE
:10A180004FF001038AF80330F9E44FF001038AF835
:10A19000053038E560892268142856D80A21B0FBBA
:10A1A000F1F301FB130189B259B94B490E78B04262
:10A1B00007D1013303EB83035B0022F002020B7033
:10A1C000226023685A014BD403F058FA48B1302377
:10A1D00083F31188414B1A78042A46D0002383F375
:10A1E00011883F4E4022D6F8D4303E481F6A0DEB0E
:10A1F00002010023B8478046002840F0978001F014
:10A2000017FF394A05461368C31A43457FF721A94A
:10A21000364C106026787EB16068431B002B0BDC47
:10A22000A368E16898472378B34205D1002800F07D
:10A230009F8263680344636008F10108B8F1080F66
:10A2400004F11004E6D1FFF704B9294922F00072A5
:10A250000B704FF0010322F0FE0222602372B0E780
:10A260000133B1D0F9F7C2FCAEE71E8916F0200623
:10A27000B4D12022314620A805F0C3FEDFF8748057
:10A28000DFF87490DFF874A020AF03F0F7F908B19D
:10A29000202E35D120230521104820AA03F03EFEB0
:10A2A0009CE700BFD025002013290020000C0140AE
:10A2B000E12900200010014000140140F826002090
:10A2C000F7260020F6260020DE250020E0250020CD
:10A2D000E52500208E060108F325002050290020E6
:10A2E000300D0020040E00207C2700208027002055
:10A2F000F7290020F4260020F5260020F425002070
:10A3000002F0DAFE98F8003099F8002001369A42FF
:10A310001BBF1AF803B001334FF0000B88F8003070
:10A32000F6B203F081F907F801BBAEE79DF8409063
:10A33000B9F1090F40F2B1804FF05508894FC2B210
:10A3400010A9384605F0B8FEB9F10A0FFA7887F877
:10A35000068054D19DF84130102B0CD8102B4AD8D0
:10A36000DFE803F02D19364019494949494949495F
:10A37000494949494400202B0DD0552B3BD13C275E
:10A380000020013F05F07CF817F0FF07F8D14FF4EB
:10A39000FA7003F0C1F944F255034022ADF8803061
:10A3A0000DEB02010DF1820005F086FE20A842218E
:10A3B00005F078F84FF4967003F0AEF912E73C27F9
:10A3C0000020013F05F05CF817F0FF07F8D1DEE749
:10A3D0000022654B10A91A8044F255031C22ADF8E7
:10A3E0008030DFE70022604B1A80D4E75E4A138892
:10A3F00001331380CFE7402B3FF6F4AECBE739783B
:10A40000A1F14003022B11D981297FF4EBAEFA7937
:10A41000564B38461A703A7A554B1A707A7A554B21
:10A420001A7002F015FE87F80680DBE6392A2368E9
:10A4300028BF3922412903F0806017D0422926D055
:10A4400088B14FF0FF334C48F91D03F0D0FA236870
:10A4500087F8068023F0806323606423E36041482B
:10A4600002F0F6FDBEE60F23BB71F8E70028FAD133
:10A470006423F91DE36040484FF0FF3303F0B7FA5F
:10A480004FF4B47087F8068002F020FEE7E700285A
:10A49000E9D143F080632360E1E709F1FF33082B42
:10A4A00010D8DFE813F0090021002C004F007300E2
:10A4B000DB00E50019013C014FF001022F4B1A703F
:10A4C0000D225A709DF84030092B3FF48BAE642367
:10A4D0002A4A104682F83F3002F0BAFD402200219D
:10A4E000264805F08EFD7DE60222244B1A70244A90
:10A4F00011780029E6D0013203F8011FF8E7552151
:10A500001E4A032351705A2191701E491370087816
:10A5100008B9DBB205E0D05401331F2B01F1010172
:10A52000F5D100211848D154591C13440278002A4F
:10A53000C8D00131C9B23E2900F1010003F8012F52
:10A54000F4D1BFE704220D4B6F781A702A78A878EF
:10A55000C2F38502E9785A702A79DF709A7018710F
:10A560005971AFE7FC260020FA260020F8260020CB
:10A57000F7260020F6260020302A00203C27002065
:10A5800097150108AE150108CC1501089DF8423059
:10A590004FF0000C019305237F4F9DF84110DFF829
:10A5A000FCB1DFF8FC913B70019B5FFA8CF29342A7
:10A5B00088D9C2EBC202D2B2542902F1030E29D9C2
:10A5C0004FF0190307F80E300023DFF8D081C6469C
:10A5D00000209EF800A08A453CD001300F280EF1E3
:10A5E000010EF6D10133DBB2062B08F10F08EED1D4
:10A5F0000F2802F107022FD0062B2DD0C3EB031337
:10A600000344684830F813300131BB540CF1010C9D
:10A61000C9B2C9E701F12C000BEB400090F80280B1
:10A62000C078BB1898700BEB010090F8040183F818
:10A63000018007F80E0001EB410E09EB0E0090F8C7
:10A64000018019F80EE0807883F8048083F805E033
:10A650009871B9E7C0B2CBE70023D5E706224E4B8D
:10A660001A70012203F8012F01322C2AFAD129E7AE
:10A6700007229DF844009DF84130474F2B289DF854
:10A6800042909DF843A09DF845B09DF84680019307
:10A690003A7004D91922404B83F83E2012E7B8F1F2
:10A6A000010F10D1414601F0E9F84146584601F04A
:10A6B000B3F9434652464946019801F02FF9322337
:10A6C00087F83E30FEE6002101F0D8F80021584618
:10A6D00001F0A2F90023EDE708229DF841702E4B0E
:10A6E000542F9DF842A09DF843909DF844801A7025
:10A6F000D0D82A78C2F385022B2A04D000212B203F
:10A7000001F0BCF8244B264907EB4707CA1982F829
:10A7100001A082F8028001F807903222BCE72B7872
:10A72000C3F385032B2B03D000212B2001F0A6F8C7
:10A7300000219DF841701A48CBB29F427FF6C2AE0D
:10A740009B00DBB2C8336B4413F8862C13F885ECFE
:10A7500002EB420200EB020C8CF801E013F884ECEF
:10A76000013100F802E013F8833C8CF80230E3E793
:10A7700020706060A060E0605EE50A283FF713AAE1
:10A78000FFF741BA0A283FF7CDA9FFF7F8B9F9F763
:10A7900015FCFEF7FDBA00BF3C2700209E0601080D
:10A7A0002E0C00204C0801081FB5114B019003EB43
:10A7B000410393F85A40A11A121BD2B211F0800F34
:10A7C000CBB218BF13461822534300EB23208DF859
:10A7D00004000020019BDAB262F30700C3F30722F2
:10A7E00062F30F20C3F3074363F3174004B010BDB7
:10A7F0009E060108C94384B00190C9B2C0F3074066
:10A800004143002009128DF80610019BDAB262F371
:10A810000700C3F3072262F30F20C3F3074363F378
:10A82000174004B07047C94384B0C1F3850101905B
:10A83000014400208DF80410019BDAB262F3070096
:10A84000C3F3072262F30F20C3F3074363F31740F8
:10A8500004B070471FB5482B0190C0F3074030D8B3
:10A86000BDF81840E31A9BB2FF2B28BFFF23083125
:10A8700089B2102905D902F1080189B2112928BF2E
:10A88000FF23DB43DBB21844002AB8BF0332FF28A2
:10A8900028BFFF208DF8060000200B49497801EB06
:10A8A000A2028DF80420019BDAB262F30700C3F321
:10A8B000072262F30F20C3F3074363F3174004B08A
:10A8C00010BDFF23D3E700BFE828002084B0BDF807
:10A8D0001020C0F30741D31A9BB2FF2B28BFFF23E0
:10A8E000DBB283F0FF021144FF2928BFFF21019052
:10A8F000034400208DF804308DF80610019BDAB275
:10A9000062F30700C3F3072262F30F20C3F3074388
:10A9100063F3174004B0704784B0BDF81020019075
:10A92000D31A9BB2FF2B28BFFF23DB43C0F30740A2
:10A93000DBB20344FF2B28BFFF2300208DF8063035
:10A94000019BDAB262F30700C3F3072262F30F2020
:10A95000C3F3074363F3174004B07047F0B5124DDB
:10A9600005EB800494F801C0A778E678D92415F89F
:10A9700020500E4805F0030504FB050414F80CE014
:10A980008E4506D114F807E0964502D1A45D9C429D
:10A9900009D0D92404FB050000F80C10C2558355DA
:10A9A000012380F8D830F0BD440F01088F2C00201F
:10A9B000F8B505460E461746002420463B4632466B
:10A9C00029460134FFF7CAFF552CF6D1F8BD000027
:10A9D00090F8772090F8763043EA02231A0A032A87
:10A9E0001AD00CD8012A2ED0022A12D17423174A69
:10A9F000174842600360002A08BF1046704790F86D
:10AA0000783090F87910212A43EA01230DD0222AC8
:10AA100012D000231A46EBE7DBB2022BF9D80D4A1D
:10AA20000D4952F82320CB5CE2E7032BF1D80B4A07
:10AA300052F823200923DBE7032BEAD8084A094907
:10AA400052F82320EFE71223074AD1E7880E0108C6
:10AA5000682C0020380F0108340F0108240F01086A
:10AA6000140F01080E0F0108FC0E010870470000CA
:10AA700010B5064A064C117824784B1C03F00F03DE
:10AA80009C421EBF034C1370605410BDF92400207B
:10AA9000F8240020E824002090F87A2090F87B0029
:10AAA000084942EA0022022A0B7807D1012B01D083
:10AAB000062B05D14A78044B1A707047024A13706E
:10AAC000704700BF642C0020632C0020014B1878D5
:10AAD000704700BF632C0020704730BFFDE703467E
:10AAE00010B51B68984203D09C688A689442F8D2DB
:10AAF0005A680B604A601160596010BD302383F3BF
:10AB000011880D4B5B6813F4006312D0EFF30983D7
:10AB10004FF08072203BDA6183F30988074A11689D
:10AB2000D2688968926891428CBF054A054A9A6149
:10AB3000704783F31188704700ED00E08024002007
:10AB40006322000866220008C368C269013BC36033
:10AB50004369134482694361934224BF436A43615A
:10AB600000238362036B03B11847704703691960C0
:10AB7000C268013AC260C2691344826903619342A8
:10AB800024BF436A036100238362036B03B1184748
:10AB90007047012914BF6FF01300002070470000B8
:10ABA00090F87630074A10B580F87E3043F0800385
:10ABB000D364436804461B680BB101219847032303
:10ABC000237010BD005C004070B50124468904FA72
:10ABD00001F53543458100EB8100C568A8698260B5
:10ABE000002203604260C26023B16C8A013B2344AF
:10ABF000B3FBF4F4084A048252F8213023F4904362
:10AC000023F0700383F4405343F4004343F0800384
:10AC100042F8213070BD00BF005C004010B4C26F2C
:10AC2000034610680178042914D1197A022911D138
:10AC30005179012244898A4022420BD1DA691C6A87
:10AC4000A24201D19C692CB910BC9B6A0432043B1E
:10AC5000FFF7BABF10BC7047406BFFF7DFBF0000C3
:10AC600000487047440D0108F7B50479052C3FD022
:10AC700004241F254FF6FF7C0471C469E560256933
:10AC800045F00105256152B321F00105ADF804C07E
:10AC900005F1006501F0010613F8017B08366E44EA
:10ACA000013A06F8047C01F1010101D0CF07F1D48B
:10ACB000BDF804702F80E668F607FCD4E66806F05D
:10ACC0001F0E16F0100FC4F80CE007D1760703D45E
:10ACD0002D88ADB2AF42D6D0032200E00622236910
:10ACE00023F00103236102230371104603B0F0BD7A
:10ACF0000122FAE7072070470379052B09D1C369C0
:10AD0000DA68D20707D41A6922F036021A610223E0
:10AD100003710020704709B101230B6001207047C7
:10AD2000F0B501271E4B867B1D685A6807FA06F1AD
:10AD300022EA010225EA010581681D6012EA010488
:10AD40005A6013D1C17B01F01F0297404A0992005B
:10AD500002F1604202F56142C2F88070C2F880716F
:10AD600001F1604202F5614282F80043002201369F
:10AD700043F8362003EBC6035A606B0605D1094B36
:10AD80005A6922F001025A615B6915F4786F05D1A6
:10AD9000044B5A6922F002025A615B69F0BD00BFA0
:10ADA000CC1200200010024010B40468437B2168DC
:10ADB0004268D940126801F00E010A420ED0827B2F
:10ADC00001FA03F36360064B013253F832402CB1B1
:10ADD00003EBC2035868234610BC184710BC7047E9
:10ADE000CC120020F0B50125244C05FA00F7D4F868
:10ADF00000E003461EEA070F3DD12B4444F8331010
:10AE000004EBC3035A604EEA070323601C4B1D4E3C
:10AE10005A694FEA001C2A435A6106EB00105B692D
:10AE2000626883681A4214D14FF0A00EC37B03F10D
:10AE3000604101F5614181F800E303F01F015B0906
:10AE40009B0003F160438D4003F56143C3F88051DB
:10AE50001D6006EB0C014B683A4362601A68497B3F
:10AE600022F00F021A600E2256F80C408A406260EF
:10AE700000221A60F0BD0020FCE700BFCC120020C9
:10AE800000100240540501080023C16940680B60AE
:10AE9000C28A838A407823F0440338B142F0030227
:10AEA0004A600B6043F040030B60704743F441730A
:10AEB00042F00702F4E7000030B4436A44685A7B6A
:10AEC00059681D680E23647803FA02F2ACB90B6866
:10AED00023F00F030B606A60C26993681B06FCD401
:10AEE00030BC036A59680A6822F00F020A60597B75
:10AEF0001A680E238B40536070470C6824F00F04CF
:10AF00000C606A60026A5468216821F00F012160B8
:10AF10001168527B93404B600E4B98420CD10E4B04
:10AF2000DA6842F48052DA60DA6822F48052DA6039
:10AF3000DB6830BCFFF7A8BF084B9842F9D1064B3D
:10AF40001A6942F480421A611A6922F480421A6135
:10AF50001B69EEE7E83000200010024008140020D2
:10AF6000024AD36843F0C003D36070470038014001
:10AF7000024AD36843F0C003D360704700480040E2
:10AF80000E4B10B51B6D040103F1804303F5C04364
:10AF900003EB0010E358114403F1005303F5405351
:10AFA0005B004260002A00DC10BD8C1A20786478B7
:10AFB000023A40EA042043F8040BF3E7005C004047
:10AFC00000EB8103F0B5DE68264A3368146D03F0A8
:10AFD0000303032B18BFB3FA83F304F180447269AF
:10AFE00018BF5B0904F5C0440CBF4FF4C0635B029B
:10AFF0004FEA011C04EB011572B100226A60328A2B
:10B00000D0F88470013222F001023A44C0F8842062
:10B0100043F020034CF80470B269CAB1748A43F457
:10B020000053621E3E2C93BF42F001020E4E5209A5
:10B0300001328CBF46EA8222520292B2EA600134A7
:10B04000D0F8842024F001041444C0F88440AA609D
:10B050008A0002F1804202F5B84210680B4310608A
:10B060001360F0BD005C00400080FFFF00218022E3
:10B070000A4B0B4819655964DA644268D2688A42FF
:10B0800014BF4FF43E424FF43C421A644023C0F8D0
:10B090008430044BC360FFF793BF00BF005C0040E7
:10B0A000502900200C0D010830B50D4685B00190E7
:10B0B00004461046F9F782FB124B03EB450393F865
:10B0C0005A3018440206A0F1800358BF6FF07F0386
:10B0D0004FF00C0258BF1B1A00205B00DBB2534339
:10B0E00004EB13248DF80440019BDAB262F30700ED
:10B0F000C3F3072262F30F20C3F3074363F3174040
:10B1000005B030BD9E06010870B500EB8103054611
:10B1100050690E461446DA6018B11422002104F07A
:10B1200070FFA06918B11422002104F06AFF3146B3
:10B130002846BDE87040FFF743BF0000F8B50C4655
:10B1400017461D460322042300219DF8186004F0D1
:10B15000E9F818B9BDE8F84004F05CB9074864F0B4
:10B160005F0402210470477004F04AF90028F1D10D
:10B170003146284604F044F9ECE700BF412E002098
:10B1800013B50F4C94F8D83053B1D8230022009354
:10B19000022123460B48FFF7D1FF002384F8D83063
:10B1A00094F8B13153B1D823002200930221064B09
:10B1B0000648FFF7C3FF002384F8B13102B010BD89
:10B1C0008F2C002004100140682D0020080C014045
:10B1D00010B50A4C23699A6891420CD85A6881606C
:10B1E0000360426010609A685860521A9A604FF08B
:10B1F000FF33A36110BD1B68891AECE7802400208F
:10B200000D4B30B41A6862B194689D682C44946008
:10B210005C682260546000224FF0FF341A60074AD5
:10B220009461074A1961DA60002230BC0146024885
:10B230005A61FFF7CDBF00BF702C00208024002092
:10B2400069E0000870B590F87430044603F07F029E
:10B25000212A40F0838013F0800F90F8752035D0BC
:10B26000022A31D0032A24D0012A77D190F87820FD
:10B2700090F8793052EA03220DD0022A90F8762015
:10B2800010D0514B1A7094F87B20A36694F87A3052
:10B2900043EA02230BE04D4B836608230120E3665B
:10B2A000226770BD022AECD1494B83660623002237
:10B2B000F4E790F8782090F8791052EA01224DD105
:10B2C000444BA3660123F2E7434BFAE70A2A3AD03C
:10B2D0000B2A10D0092A66D190F8782090F87910BE
:10B2E00042EA012222F00202002A5CD13B4B3C4A96
:10B2F00083660223D2E790F8783090F8792053EAF9
:10B3000002231DD190F87660324B1E70C6B9324BC5
:10B310001A78AAB1302282F3118840F2E730314620
:10B320001D78DFF8C0C04FF47A720023E5FB0C01F2
:10B33000F6F79CFF21468000FFF762FF86F3118835
:10B340000023A366B3E7284990F877200978224BB9
:10B35000C1F3C01609061A70F2D4DAE703F09F02AF
:10B36000812A20D194F87520062A1CD194F87920DE
:10B37000616894F878304D6843EA0223204694F8D7
:10B38000772094F87610A847D8B14368A36603687D
:10B390008DE7222B15D100231A46A3667EE7134BB7
:10B3A000A366072383E7124A92F8B6204AB103F056
:10B3B0006003202B05D194F87530212BE9D81F2B81
:10B3C000EDD800206DE700BF4D2C00205B2C002045
:10B3D000552C0020880E00204C2C0020642C0020CE
:10B3E00099AA0008A086010020290020D20E002082
:10B3F000300D0020054BD968087518680268536045
:10B400001A6001220275D860F6F71ABF8024002066
:10B4100070B5114D4B1C0646EC6886B019D00F4B29
:10B4200068460393002304940593FFF7D1FE30464A
:10B43000FFF7E0FF009B4BB19A6802990A449A60BB
:10B44000019A13605A604FF0FF33AB61A06906B0F8
:10B4500070BDFFF7CFFFF9E780240020FDD0000882
:10B4600049B1064B4268DB6818605A60136043605C
:10B470000420FFF7CDBF4FF0FF307047802400203D
:10B4800038B504460D46E3683BB162690020131DE0
:10B490001268A3621344E36207E0237A33B92946B2
:10B4A0002046FFF7DDFF0028EDDA38BD6FF0010020
:10B4B000FBE770B53023054683F31188866A3EB9F1
:10B4C000FFF7DEFF044618B186F31188204670BDF1
:10B4D000AB6AEA6A13F8014B9342AB6202D3284687
:10B4E000FFF732FB002383F31188EFE74FF0FF31C2
:10B4F0000C30FFF7DEBF0C30FFF7DBBF38B504467A
:10B500000D46E3683BB1236900201A1DA262E2697F
:10B510001344E36207E0237A33B929462046FFF754
:10B520009FFF0028EDDA38BD6FF00100FBE770B532
:10B53000302304460E4683F31188856A35B91146D7
:10B54000FFF7DCFF10B185F3118870BDA36A1E7090
:10B55000A36AE26A01339342A36204D3E1692046FD
:10B560000439FFF703FB002080F31188EDE74FF06B
:10B57000FF324430FFF7DBBF4430FFF7D8BF2DE97F
:10B58000F84F04460F4691469B464FF0300888F32B
:10B5900011880026B246A56A4DB959462046FFF7E4
:10B5A0006FFF20B185F311883046BDE8F88FA16A9E
:10B5B000E56AA9EB06036D1A9D4228BF1D46402D82
:10B5C00015D93846402204F077FDA36A403740334E
:10B5D0004036E26AA3629A4202D82046FFF7B4FAE4
:10B5E0008AF311884E45DFD288F31188D3E73846B5
:10B5F0002A4604F061FDA36A2F442B442E44E8E759
:10B600004FF0FF330C30FFF7BABF0C30FFF7B7BF76
:10B610002DE9F84F04460F4691469B464FF03008FF
:10B6200088F311880026B246A56A4DB959462046CE
:10B63000FFF764FF20B185F311883046BDE8F88F2D
:10B64000A06AE56AA9EB06032D1A9D4228BF1D4694
:10B65000402D17D93946402204F02EFDA36A403709
:10B6600040334036E26AA3629A4204D8E169204638
:10B670000439FFF77BFA8AF311884E45DDD288F34F
:10B680001188D1E739462A4604F016FDA36A2F44F3
:10B690002B442E44E6E74FF0FF334430FFF7B8BFAA
:10B6A0004430FFF7B5BF38B50446007905280DD002
:10B6B00003201F252071E06901F10061C560184673
:10B6C00004F0FAFC02230020237138BD0120FCE7BE
:10B6D00010B503460078032808D1054AD46843F81A
:10B6E000084FA361FFF786FEA06910BD0020FCE7AC
:10B6F00080240020FFF732B973B5164B164E1C8814
:10B7000033790322DB085C43711C0546241268462A
:10B7100004F0D2FCE0B2F9F751F80206A0F1800380
:10B720005CBF6FF07F031B1AF6785B00DBB27343DC
:10B730001B128DF802300098F8F710FFC0F3074392
:10B74000C2B2C0F30721284602B0BDE87040FFF73F
:10B75000D1BF00BFE0250020E8280020F7B51C4B32
:10B760001C4E1C883379711CDB085C4303220546A0
:10B770002412684604F0A0FCE0B2F9F71FF80306B3
:10B78000A0F1800458BF6FF07F04B77858BF241A27
:10B79000F67803F09BFE3D2390FBF3F26400E4B2E5
:10B7A00002FB130074431E3F384424128DF801003D
:10B7B0008DF802400098F8F7D1FEC0F30743C2B2FB
:10B7C000C0F30721284603B0BDE8F040FFF792BF61
:10B7D000E0250020E8280020F7B51C4B1C4E1C88F3
:10B7E0003379711CDB085C4303220546241268464A
:10B7F00004F062FCE0B2F8F7E1FF0306A0F1800478
:10B8000058BF6FF07F04777858BF241AF67803F09A
:10B810005DFE3D2390FBF3F26400E4B202FB1300F3
:10B8200074431E3F384424128DF800008DF8024006
:10B830000098F8F793FEC0F30743C2B2C0F30721A4
:10B84000284603B0BDE8F040FFF754BFE0250020D4
:10B85000E8280020FFF7ACB800EB0010C3B20020CE
:10B8600003F1110263F30700D3B2552B28BF552310
:10B8700082B063F30F2002B070470000124B1A78B9
:10B88000920720D0D8B12B281BD800F03F0218789F
:10B8900062F38700187000200C4B18700C48037876
:10B8A0000B4303700B4B1B78DB070CD50A480B4B83
:10B8B00000290CBF014619460948F8F741BE01228C
:10B8C000E5E72B22E3E77047E82800202D0C002055
:10B8D000DE25002094280020DC150108DE15010873
:10B8E000E51501080121054B1878C0F385000130EA
:10B8F000C0B22C2828BF0846FFF7C0BFE8280020A8
:10B90000054B01211878C0F38500013810F0FF00C5
:10B9100008BF2B20FFF7B2BFE828002037B51C4630
:10B92000104B1D78AD0704D103B0BDE83040F8F7E7
:10B93000FDBC0D4D58709970DA702B7823432B7035
:10B940000A4B1B78DB070AD50B4600920849C2B2A6
:10B950000848002C08BF01460748F8F7F1FD03B07E
:10B9600030BD00BFE8280020DE25002094280020FC
:10B97000DE150108DC150108FF1501080349012344
:10B980004878CA7808308978FFF7C8BFE8280020CF
:10B99000044901234878CA780838897880B2FFF7CB
:10B9A000BDBF00BFE8280020054801238178C27888
:10B9B0001031FF2928BFFF214078C9B2FFF7AEBF81
:10B9C000E8280020054801238178C278103921EA4F
:10B9D000E1714078C9B2FFF7A1BF00BFE82800209D
:10B9E00005480123C27881784032FF2A28BFFF2210
:10B9F0004078D2B2FFF792BFE82800200548012323
:10BA0000C2788178403A22EAE2724078D2B2FFF7F7
:10BA100085BF00BFE82800200A4B024618710A487B
:10BA200003780B430370094B1B78DB0708D50848E4
:10BA3000084B00290CBF014619460748F8F780BD9E
:10BA4000704700BFE8280020DE2500209428002051
:10BA5000DC150108DE15010822160108044B01213E
:10BA600018794030FF2828BFFF20C0B2FFF7D4BFAD
:10BA7000E8280020044B01211879403820EAE070C2
:10BA8000C0B2FFF7C9BF00BFE8280020082208B5F0
:10BA900018210348F9F792FE0022024B1A7008BDE4
:10BAA000E8280020DE25002000B1104708470000EC
:10BAB00030B5084B1C785D78621C02F00302AA4284
:10BAC00006D000F07F001C4440EAC110A0701A703C
:10BAD00030BD00BFE725002079B1094B53F8203075
:10BAE0005A1C1FBF23F00F02906803F00F03D840C9
:10BAF00014BF00F0010000207047024BEEE700BFCA
:10BB0000740601087006010878B10022074B197805
:10BB1000814205D100221A705A609A60DA6070473B
:10BB20000132082A03F11003F1D170478027002069
:10BB300000EB4003C3EB031300EB830003B2002BC5
:10BB400007DA803B18B2002800DAFF30001240B25A
:10BB500070478030FAE700000E4B1B78D90710D4ED
:10BB60009A0710D45B0710D40B4B1B787BB11D2BAD
:10BB70004FF0500003D843431E20B3FBF0F0C0B297
:10BB800070471420FBE72820F9E75020F7E708204A
:10BB9000F5E700BF75280020772800200E4B1B78A2
:10BBA000D9070FD49A070FD45B0711D40B4B187821
:10BBB00060B127280CD82823C000B0FBF3F048B1AF
:10BBC000C0B270470220FBE70420F9E70120F7E745
:10BBD0000820F5E70120704775280020762800200E
:10BBE00010B52C4CE278A378134362791343227981
:10BBF00013435BB22BB10822274B1A700122274B4B
:10BC00001A70A0F1CD03122B0FD8DFE803F00A0F52
:10BC100012172A2A2A2A2A2A2A2A1A1E22273238C0
:10BC20003D00FFF799FF4042E07010BDFFF794FF21
:10BC3000FAE7FFF791FF4042A070F6E7FFF78CFFAD
:10BC4000FAE7FFF7ABFF2071EFE7FFF7A7FF4042EE
:10BC5000F9E7FFF7A3FF40426071E6E7FFF79EFFB9
:10BC6000FAE7A0F1D103012098406378184360708F
:10BC7000DBE70B4A137843F001031370D5E7084A5A
:10BC8000137843F00203F8E7054A137843F00403FE
:10BC9000F3E700BF782800207728002076280020CE
:10BCA00075280020414BCD2893F9032012D1002A9A
:10BCB00001DA0022DA709A78D9780A4352B20AB9C6
:10BCC0003B490A701A795B7913435BB20BB9394A65
:10BCD00013707047CE2802D1002AEADCEBE7CF28A8
:10BCE00093F9022004D1002AE5DA00229A70E2E7F3
:10BCF000D02802D1002AF8DCDDE7D92893F9042006
:10BD000004D1002AD7DD00221A71D4E7DA2802D143
:10BD1000002AD0DAF7E7DB2893F9052004D1002ABE
:10BD2000C9DA00225A71C6E7DC2802D1002AF8DC01
:10BD3000C1E7D1380E28BED801A252F820F000BFCA
:10BD40007DBD00087DBD00087DBD00087DBD0008EB
:10BD50007DBD00087DBD00087DBD00087DBD0008DB
:10BD6000B7BC0008B7BC0008B7BC0008B7BC0008E7
:10BD70008BBD000897BD0008A1BD000801215A78BD
:10BD8000814022EA01025A7095E70B490A7822F0B5
:10BD900001020A708FE708490A7822F00202F8E7E8
:10BDA00005490A7822F00402F3E700BF7828002052
:10BDB000772800207628002075280020024B18687C
:10BDC00008B1036818477047DC2B0020124B70B590
:10BDD0001B680446FBB1114E5B68984733785807DF
:10BDE00019D5D90703D521780D48F8F7A9FBA51C6B
:10BDF00008343378DA0703D529780A48F8F7A0FB26
:10BE00000135A542F5D13378DB0704D5BDE8704094
:10BE10000548F8F795BB70BDDC2B00209428002066
:10BE2000411601085A1601083F140108134B70B55A
:10BE30001B6804460BB30622114E02709B6898479C
:10BE40003378580719D5D90703D561780D48F8F725
:10BE500077FBA51C20343378DA0703D529780A4804
:10BE6000F8F76EFB0135A542F5D13378DB0704D531
:10BE7000BDE870400548F8F763BB70BDDC2B0020BF
:10BE800094280020601601085A1601083F14010882
:10BE90000A4B07B51A8882420ED01880084B1B68DF
:10BEA00053B103228DF80500000A8DF806001B69C6
:10BEB0008DF8042001A8984703B000BD8A2C00200B
:10BEC000DC2B00200B4B07B51A8882420FD018805C
:10BED000094B1B685BB104228DF80500000A8DF840
:10BEE00006001B698DF804200DEB0200984703B093
:10BEF00000BD00BF882C0020DC2B002010B41A4BA2
:10BF000001461B78ABB900224FF0FF33174810F8F9
:10BF1000014FA1421ED0B3F1FF3F01D104B953B28A
:10BF20000132062AF3D15A1C14D0114A13449970D5
:10BF300010E0104B93F90030002BE4DAEF280BD817
:10BF400001230D4A00F0070102EBD0028B409178EB
:10BF50000B43937010BC7047084B1B78DB07F9D577
:10BF600010BC0748F8F7ECBA880E002099120020A0
:10BF70009812002020290020781200209428002008
:10BF80007516010810B4174B01461B7863B90023DE
:10BF90001846154A12F8014F01338C42DBB208BF34
:10BFA0001070062BF6D112E0104B93F90030002BE5
:10BFB000EDDAEF280DD801220D4B00F0070103EB5D
:10BFC000D00302FA01F19A7822EA01029A7010BCB9
:10BFD0007047084B1B78DB07F9D510BC0648F8F70B
:10BFE000AFBA00BF880E002099120020202900203F
:10BFF000781200209428002093160108084B1B7823
:10C000004BB1084B93F90030002B04DA1E220021BB
:10C01000054803F0F6BF062200210448F9E700BFF7
:10C02000880E0020202900207A1200209A12002079
:10C0300038B5302383F31188124B134C1349D86958
:10C0400023680A68C01A8242114A0AD9A3F58333C9
:10C05000E03B156823600F4B00F58330EB18E030B0
:10C06000136008601568002181F311884FF47A7C11
:10C07000094C0023E0FB0C41084A2046F6F7F6F88D
:10C08000284438BD802400207C240020782400200F
:10C090007424002088598F029F860100A086010029
:10C0A0002DE9F04F964B04461B78964E834293B091
:10C0B00044D1954A3378127803F003039B1A18BFD2
:10C0C0000123924D98466A78AB7073799A4205D0F5
:10C0D0000022114610466B70FFF7BCFB2B2C37D8A3
:10C0E000DFE814F02E0038006100A500D9001A0125
:10C0F0005D016101630171017301770179017B01C8
:10C100007D017F01810183018501870189018D0105
:10C110008F019101FA0129028402CF02D102D302D8
:10C120002003DE036B040E05B005B505B705BD059C
:10C13000C505CC05FE0530067E06CE060123C0E708
:10C14000B8F1000F04D0002211461046FFF782FB21
:10C1500000202DE12878FFF77FFB6D49064603227A
:10C16000ADF8400011A803F0A7FF1198F8F7F6F911
:10C17000DFF8A081C6F30724C2B2C0F30721C0F3E1
:10C180000747F6B2F3B29C4202D8542C00F005BC2B
:10C190006B7818F80600184203D03B463046FFF78C
:10C1A000A9FA0136EEE72878FFF756FB96F80190DA
:10C1B000B278F3788DF844908DF845208DF84630AC
:10C1C0008346ADF840001198F8F7C8F933795FFA63
:10C1D00080FA4B448DF84430C0F30728C0F307477A
:10C1E0001198F8F7BBF9C3B200934A4EC0F3074366
:10C1F000CBF30724C0F3072901935FFA8BFB5FFAA7
:10C200008BF39C42C1D916F80B306A7813420BD0DD
:10C21000D90747BF4946DDE900233B46524658BF90
:10C2200041465846FFF766FA0BF1010BE7E728781D
:10C23000FFF712FB3379374F9B0896F801A096F869
:10C24000029096F80380ADF84000C0F307240093F5
:10C25000C6B2A7F1A90BF3B29C4296D96B78BA5D2E
:10C260001A4216D01BF81630009A1B0903FB02A3D2
:10C270008DF845908DF844308DF846801198F8F788
:10C280006DF9C0F30743C2B2C0F307213046FFF790
:10C2900031FA0136DFE72878FFF7DEFA33791D4FF0
:10C2A0009B0896F801A096F8029096F80380ADF8E6
:10C2B0004000C0F307240093C6B2A7F1AA0BF3B263
:10C2C0009C427FF662AF6B78BA5D1A4216D0009A34
:10C2D0001BF816308DF8459053430AEB63138DF825
:10C2E00044308DF846801198F8F738F9C0F30743C9
:10C2F000C2B2C0F307213046FFF7FCF90136DEE792
:10C300002C0C0020E82800202B0C0020280C0020FA
:10C31000E9280020A20701082878FFF79DFA9E4B24
:10C320000746ADF840001888337996F80380DB089B
:10C330005843C0F30720F8F741FA0206A0F1800342
:10C340005CBF6FF07F031B1A5B00DBB208FB03F3DB
:10C3500096F801A096F802901B128DF844A08DF873
:10C3600045908DF846301198F8F7F8F8DFF82C82F0
:10C37000C7F30724C2B2C0F30721C0F30746FFB2D8
:10C38000FBB29C427FF601AF6B7818F807001842A9
:10C3900003D033463846FFF7ADF90137F0E7804860
:10C3A000F8F716FB04E07F48FAE77F48F8F7A4FAAD
:10C3B0007E4A13780133137010B902227C4B1A7035
:10C3C00013B0BDE8F08F7B48F0E77B48F8F71CFA24
:10C3D000EEE77A48FAE77A48E2E77A48E0E77A480F
:10C3E000DEE77A48DCE77A48F0E77A48DEE77A4821
:10C3F000DCE77A48EAE77A48F8F740FBD8E779487B
:10C40000FAE77948F8E72878FFF726FA0A23377918
:10C41000DFF88891B7FBF3F75F4B01371B88FFB25A
:10C420005F43ADF84000C0F30724C7F307275FFA66
:10C4300080F8A9F1A90A5FFA88F18C427FF6A5AECF
:10C440006B7819F808201A4228D01AF81830B278F8
:10C45000202B7378F07843EA022343EA00403A46FF
:10C460001FD9F8F79FFC8DF82800C0F30723C0F30D
:10C4700007408DF82A008DF829300A9BADF844302A
:10C480001B0C8DF846301198F8F768F8C0F30723B5
:10C49000C2B2C0F307414046FFF72CF908F101088A
:10C4A000C9E7F8F77FFC8DF82C00C0F30723C0F331
:10C4B00007408DF82E008DF82D300B9BADF84430E1
:10C4C0001B0C8DF846301198F8F748F8C0F3074375
:10C4D000C2B2C0F30721DEE72878FFF7BDF9ADF857
:10C4E0004400C0F30724B8F1000F1AD133792A4A67
:10C4F0001033FF2B28BFFF23128853430A22C3F3B4
:10C500000F23B3FBF2F102FB11339BB2002B7FF43C
:10C510003CAEF8F743F9552358430012F8F766FC90
:10C5200033E69DF84450A542BFF62FAE2846F8F7F3
:10C530005DFC0135F7E72878FFF78EF9ADF8440088
:10C54000C0F30724B8F1000F1BD13379124A10331E
:10C55000FF2B28BFFF23128853430522C3F30F2369
:10C56000B3FBF2F202EB82029B1A9BB2002B7FF428
:10C570000CAEF8F713F9552358430012F8F772FC84
:10C5800003E69DF84450A542BFF6FFAD2846F8F7F4
:10C5900069FC0135F7E700BFE0250020A20701088C
:10C5A0005D370008B53700080D380008280C00205A
:10C5B0002D0C00205138000895380008D7380008A5
:10C5C000193900084139000879390008B1390008E3
:10C5D000013A0008333A00087F3A0008AF3A0008F1
:10C5E000E53A0008353B0008853B00082878FFF74E
:10C5F00033F9A14907460322ADF83C0010A803F027
:10C600005BFD9E4B96F8018018883379C7F30724A9
:10C61000DB085843C0F30720F8F7D0F80606A0F16E
:10C62000800358BF6FF07F034FF00C0258BF1B1AF6
:10C630005B00DBB2534308EB13288DF84080109861
:10C64000F7F78CFFFEB2C0F307238DF844008C4F40
:10C65000C0F307408DF845308DF84600F3B2A34291
:10C66000BFF493AD6B78BA5D1A4208D030469DF89E
:10C6700046309DF844209DF84510FFF73BF8013601
:10C68000ECE780488CE680488AE62878FFF7E4F8F3
:10C690007E4F7A4BADF84000D3F800803B68C0F382
:10C6A000072498457FF671ADF8F778F8552358437D
:10C6B000774B6A7803EB202393F804314FEA202963
:10C6C00013423FF462ADF8F769F8800726D4F8F713
:10C6D00065F80546F8F762F8F27840F357037F33C0
:10C6E0008DF845308DF846208DF844501198F7F7B5
:10C6F00035FFC0F30743C2B2C0F307214846FEF737
:10C70000F9FF33794FF4FA721033FF2B28BFFF2360
:10C710001B09B2FBF3F343443B6036E500221346AA
:10C720001546DDE7554BDFF86C91D3F800A0D9F83A
:10C73000003053453FF60CAD574FB8F1000F35D1DF
:10C740002878FFF789F8ADF84000C0F30724C0B29D
:10C7500000EB4008DFF828B1B844C3B2A3425DD370
:10C76000542C7FF612AD4D49651E05EB45052A4652
:10C77000C81E03F02DFCF8F711F810F0020F07EBBC
:10C7800005085ED000237B5588F8013088F8023018
:10C79000337940F6B8321033FF2B28BFFF231B0933
:10C7A000B2FBF3F35344C9F80030EEE40022002456
:10C7B00011461046FFF74EF8B846A346F7F7EEFFCE
:10C7C00081070BD588F800B088F801B088F802B06E
:10C7D0000134552C08F10308F0D1B1E7F7F7DEFF7B
:10C7E0008DF84400F7F7DAFFF37840F357007F3015
:10C7F00004EB44028DF846308DF84500BB181198C3
:10C8000001920093F7F7AAFE019A009BB854C0F377
:10C810000722C0F307405A709870D9E76B781BF86D
:10C8200000201A4209D098F8023098F8002098F8B1
:10C8300001100090FEF75EFF009808F10308013038
:10C840008BE7F7F7ABFF8DF84400F7F7A7FFF37816
:10C8500040F357007F308DF846308DF84500119831
:10C86000F7F77CFE7855C0F30723C0F3074088F83C
:10C87000013088F802008BE7E9280020E02500203D
:10C88000A2070108A9B00008A9A70008442E0020AB
:10C890009E060108482F0020482E00204B2E002025
:10C8A000B8F1000F04D0002211461046FEF7D2FF67
:10C8B0002878FEF7D1FFC0F307230393864BADF82A
:10C8C00040001B680293854B029A1B689A4262D90A
:10C8D0000322834911A803F0EFFB1198F7F73EFEFE
:10C8E000C0F30723C0F307458DF83D30C2B2DBB279
:10C8F000DFF8F0817C4C8DF83E508DF83C000192C1
:10C900000093EDB2A346C146002704F10E0A19F8C0
:10C91000012B1BF8010B002A43D0DDE900122B4646
:10C92000FEF7E8FE2B469AF800000137FEF7E2FE1C
:10C93000FFB299F80030062F09F8013C0AF1FF3ADE
:10C94000E5D198F80620A0798AB3DDE900122B46DC
:10C95000FEF7D0FE2B46207AFEF7CCFEF7F71EFF3F
:10C9600010F0030F0CBF0123002388F806305F4B43
:10C970000F349C4208F10708C4D1337940F6B8322D
:10C980001033FF2B28BFFF231B09B2FBF3F3029ADE
:10C990001344524A1360039B542B8CBF0020012088
:10C9A00006E513461146FEF7A5FE1346BBE7134600
:10C9B0001146FEF79FFE1346CDE72C782046FEF782
:10C9C0004BFFC3B2ADF83C000193C0F3072BB8F1A5
:10C9D000000F09D0002211461046FEF73BFF5A22F5
:10C9E0000021434803F00DFB7CB9424C2588FFF73A
:10C9F0001FFB401B80B218288CBF012200223E4B37
:10CA00001A7002D9FFF714FB20800025A8460027E2
:10CA1000354BEB180093364B05EB0309009B13F8DD
:10CA200001AB0093019B534544D8D34542D92E4BCB
:10CA3000324A5344527893F8043108F10108134202
:10CA40005FFA88F836D099F80040F17804F1AA032B
:10CA5000FF2B28BFFF2303EB43030233DBB24B431F
:10CA60006FF05501A4F15500B2780028A8BF091A4B
:10CA70001B0A8DF844108DF845208DF8463011982A
:10CA8000F7F76CFDC0F30721C0F307438DF84000B2
:10CA90008DF841108DF84230C2B2DBB25046C9B2B7
:10CAA000FEF728FE144B1B7823B1013C24EAE47402
:10CAB00089F800400137FFB20F2F09F10109ADD10C
:10CAC0004B2D02D1BBF1540F67E7B8F1100F05F100
:10CAD0000F059CD9F6E700BFE0250020782F002045
:10CAE000E92800204C2F00209E060108F8060108C6
:10CAF000FB2400207E2F00207C2F0020280C00200B
:10CB0000F478A94E04EB44039F109B080193FF2384
:10CB1000B3FBF4F30093B8F1000F0BD000221146E1
:10CB20001046FEF797FE5A220021A04803F069FA4A
:10CB3000002333704FF0000ADFF87482DFF86CB224
:10CB400098F80030013388F80030D9460025994B19
:10CB500053440293E31B039333782B43DBB2002B44
:10CB600037D102F0B3FC944B984232DC8BF8004092
:10CB7000029AC5EB0513D05CFF280ED099F800206F
:10CB8000019B934235D2D31B7B43039A93FBF2F371
:10CB90002246DBB21946FEF7ADFD0135062D09F13F
:10CBA0000F09D9D10AF1010ABAF10F0F0BF1010BEC
:10CBB000CBD198F80030009A934204BF002388F844
:10CBC000003033780133DBB21C2B18D83370FFF7F9
:10CBD000BFBA99F80030002BCAD09C42C8D998F847
:10CBE000002000998A4204BF03F1FF3389F8003026
:10CBF000BEE76243B2FBF7F20023D2B2CAE70023DA
:10CC0000337005236D4D661E29460F226C48052B97
:10CC100004D190F800C0644508BF067011F801CF38
:10CC2000013AA44524BF0E70CC7312F0FF0200F14C
:10CC30000100ECD1013B13F0FF03A5F10F05E3D197
:10CC4000FFF786BA5F48F7F783FFFFF7B1BB5E488F
:10CC5000F9E700205D49F7F7FFFFFFF7A9BB5C4B41
:10CC60005C491878013820EAE070C0B2F3E7584B0D
:10CC700059491878013820EAE070F6E7B8F1000F5A
:10CC80001ED13379554A0533FF2B28BFFF23128865
:10CC900053430522C3F30F23B3FBF2F202EB8202EC
:10CCA0009B1A9BB2002B7FF453AA02F00FFC552372
:10CCB00090FBF3F202FB1300FEF71EFDFFF748BAEC
:10CCC0002878FEF7C9FDADF84400C0F30724C5B2CB
:10CCD000A542BFF65AAA2846FEF70EFD0135F7E732
:10CCE000B8F1000F1ED133793C4A0533FF2B28BF22
:10CCF000FF23128853430522C3F30F23B3FBF2F241
:10CD000002EB82029B1A9BB2002B7FF421AA02F055
:10CD1000DDFB552390FBF3F202FB1300FEF71EFD33
:10CD2000FFF716BA2878FEF797FDADF84400C0F378
:10CD30000724C5B2A542BFF628AA2846FEF70EFD75
:10CD40000135F7E7B8F1000F1ED13379234A0533D7
:10CD5000FF2B28BFFF23128853430522C3F30F2361
:10CD6000B3FBF2F202EB82029B1A9BB2002B7FF420
:10CD7000EFA902F0ABFB552390FBF3F202FB13008B
:10CD8000FEF72AFDFFF7E4B92878FEF765FDADF858
:10CD90004400C0F30724C5B2A542BFF6F6A9284651
:10CDA000FEF71AFD0135F7E7812F0020FB24002054
:10CDB000802F00209E060108545555053625002079
:10CDC00046250020F5A7000827A8000855A8000858
:10CDD00093250020CDA8000819A90008E02500200F
:10CDE0002878FEF739FD6FF07F09ADF83C00C0F3FD
:10CDF0000724C7B2FBB29C427FF6C7A92D4B07EBB5
:10CE000087001B88C0EB80101844337996F803B074
:10CE1000DB085843C0F30720F7F7D0FC0206A0F167
:10CE2000800358BFA9EB00035B00DBB20BFB03F3ED
:10CE300096F801A096F802801B128DF842308DF80A
:10CE400040A08DF841801098F7F788FBDFF868C0A4
:10CE5000C0F30721C0F307431CF807C08DF8440056
:10CE6000C2B268788DF845101CEA000F8DF8463084
:10CE7000C9B2DBB202D03846FEF73CFC0137B9E755
:10CE80002878FEF7E9FC0D4BC5B205EB4506ADF879
:10CE90004400C0F307241E44EBB29C427FF675A900
:10CEA0002846B378327871780336FEF723FC0135D3
:10CEB000F2E700BFE0250020A20701082E0C0020A9
:10CEC000F8B5194C00232646217831BB174A15784E
:10CED0006B1CDBB21370ABB100200701F75D9F4202
:10CEE00010D001300828F8D101B1137015782570E1
:10CEF000FFF79EF80E4B6430A36000236060E36090
:10CF00002846F8BD9D424FF0010103F1010002D116
:10CF100010700025F4E7C3B2DDE70133082B04F1FC
:10CF20001004D1D1F5E700BF802700208E2C00200F
:10CF30008D7600082D4B10B51B782D4C13F0080F83
:10CF400039D02C48F7F7FCFA61782B48F7F7F8FA54
:10CF50002A48F7F7F5FA94F902102948F7F7F0FA9A
:10CF60002848F7F7EDFA94F903102548F7F7E8FA9F
:10CF70002448F7F7E5FA94F904102148F7F7E0FAA6
:10CF80002048F7F7DDFA94F905101D48F7F7D8FAAD
:10CF90001D48F7F7D5FA1D4B1D481978F7F7D0FA59
:10CFA0001C48F7F7CDFA1C4B19481978F7F7C8FA5F
:10CFB0001A48F7F7C5FAFFF73BF8A378E27813436E
:10CFC0005BB20BB1164B18802379627913435BB2C5
:10CFD0000BB1144B1880144B1B6833B10222227022
:10CFE000DB680348BDE81040184710BD94280020B6
:10CFF00078280020B11601087C150108D416010814
:10D00000D616010873110108D916010877280020E7
:10D01000DC160108DF16010875280020E11601085A
:10D02000F0250020EE250020DC2B0020BFF34F8FE1
:10D030000549064BCA6802F4E0621343CB60BFF3B4
:10D040004F8F00BFFDE700BF00ED00E00400FA05D0
:10D050000146044810B4026854684022234610BCBC
:10D06000184700BF040E00207047FEE7F0B5082007
:10D070000026104A516813680D469468043BAC4280
:10D0800010D8E31C5B1ACD1E23F00303AC4238BF5B
:10D0900000230B44D168994209D8013802F11002EB
:10D0A000E8D1F0BD53F8047F45F8047BE7E743F887
:10D0B000046BF0E7740D0108EFF3118020B9EFF372
:10D0C0000583302282F3118870470000034A5168BB
:10D0D00053685B1A9842FBD8704700BF001000E00D
:10D0E00000238268037503691B6899689142FBD22B
:10D0F0005A680360426010605860704708B530237A
:10D1000083F311880A7D0023052A06D8DFE802F0A0
:10D110000C050503130F8A6913604FF0FF330846AF
:10D120008B61FFF7DDFF002383F3118808BD8A6957
:10D130009368013393604A680B6813605A60ECE7A8
:10D14000F8B506460D4600270468B44200D1F8BD84
:10D15000E3682B43E36015B123691D420AD0606880
:10D16000A368C2691343027DC3610A2A04D182699C
:10D17000134206D12468E8E70B2AFBD182699A435F
:10D18000F8D18761FFF7ACFFF4E703682BB1002209
:10D19000026018469961FFF7A3BF704770B50E464D
:10D1A0003107044604D572B6194B1A4ADA65FEE710
:10D1B00045682B789BB1720702D56B6803B198471D
:10D1C000B3070BD563685B6843B104222046227025
:10D1D00098472378042B01D10323237070BDFDF7FA
:10D1E0006BFE6B6833B10422204622709847237887
:10D1F000042B01D102232370302383F311880021F3
:10D2000004F10800FFF7C1FF002383F31188E5E76D
:10D2100080240020E41601080B0704D572B6024BE7
:10D22000024ADA65FEE7704780240020E416010810
:10D230000368984207D01A680260506000221846BE
:10D240009A61FFF74DBF7047113110B550F821407A
:10D250002CB3302383F3118804216018FFF770FF8B
:10D26000E26F04F10C001368527903EB8203DB6870
:10D270009B695A68E3691A60A2690132A261A26AD5
:10D280001344626AE361934224BF236BE361FFF7B7
:10D29000CFFF2046FDF7C2FC002383F3118810BDA9
:10D2A0002DE9F047D0F854610446F7683368D80593
:10D2B0009DB20DD5302383F311884FF48061201D7A
:10D2C000FFF73EFF6FF480733360002383F3118810
:10D2D000302383F3118815F02F033FD183F3118896
:10D2E000380620D529061ED5302383F31188A36C78
:10D2F000626C9A4202D1A26B002A6CD1A26B04F13B
:10D3000030000132A2635A1CA26493F80080236C9F
:10D310009A4224BFE36BA364FFF78AFFC6F8048038
:10D32000002383F311887A0616D56B0614D53023B3
:10D3300083F31188626CA36C9A420AD1A36B43B148
:10D3400027F040073F041021201D3F0CFFF7F8FE97
:10D35000F760002383F31188BDE8F08729070DD01B
:10D36000690101F49071AA0748BF41F040016B07C1
:10D3700048BF41F08001201DFFF7E2FEAD06D6F860
:10D3800004A012D5636994F85C511BB9042160189C
:10D39000FFF7D6FE236A626A934209D162693AB105
:10D3A0004FF40061201DFFF7CBFE3568ADB292E768
:10D3B000626905EA0A05013262615A1C22621D7027
:10D3C000E369226A04F10C009A4224BFA369236234
:10D3D000FFF72EFFE9E70821201DFFF7B1FE4FF60A
:10D3E0007F733B40F3609BE738B504460D462068E9
:10D3F000844200D138BD036823605C608561FFF71B
:10D400006FFEF4E738B50546052900F29A80DFE89B
:10D4100001F0799817797903302383F3118801217A
:10D420004848FFF78DFE0023474A82F8E83082F82B
:10D43000203183F311880520BDE83840FDF718BB83
:10D44000302383F311880121404A3F4CFDF75CFEF5
:10D45000042128463E4AFDF757FE052128463D4A4D
:10D46000FDF752FE284694F8B41004F14402FDF78B
:10D470004BFE94F8B510284604F16802FDF744FE0F
:10D4800094F8B61021B1284604F18C02FDF73CFE59
:10D490000025D4F804316FF001012F48C4F8F430AE
:10D4A000C4F8F030C4F8EC50C4F80851C4F80C517A
:10D4B000FFF79AFFD4F838316FF00101C4F8243136
:10D4C000D4F83C312548C4F82C31C4F8283184F80C
:10D4D000E850C4F84051C4F84451FFF785FF0121DA
:10D4E000184884F82051FFF72BFE1D48FDF796FBE6
:10D4F00085F311881B4B1B7813B10520FDF7B8FA93
:10D50000022099E70846FDF7B3FA302383F3118828
:10D5100001250D4C02210B48FFF712FE04F1E0003B
:10D520006FF0010184F8E850FFF75EFF6FF0010132
:10D5300004F58C7084F82051FFF756FF002383F325
:10D54000118838BD080E0020300D0020640E01083F
:10D55000400E01081C0E0108100E0020480E00208D
:10D56000040E0020FA24002038B5302300F10C0509
:10D5700083F31188174B4169DC6891B9236A4461D0
:10D580008361256221E08B600B7D7BB1062B14D17A
:10D590000B684A68886913605A60FDF7A0FA8B69C6
:10D5A0009968A3688A689342EDD806E04A680B68D8
:10D5B000084613605A60FFF793FD28462146FDF7A1
:10D5C0008EFA0620A561FDF715FF002080F3118873
:10D5D00038BD00BF802400200C4B10B41868D968F7
:10D5E000026853601A600122D860002302758A68BD
:10D5F0000B750B691B689C689442FBD810BC5A6879
:10D600000B604A6011605960F4F71ABE8024002054
:10D61000044B1A68DB6892689B689A4201D9FFF74D
:10D62000DBBF70478024002010B530B9EFF30584CC
:10D63000C4F3080414B180F3118810BDFFF7E8FFAC
:10D6400084F31188F9E7000038B50546FFF734FD8B
:10D65000074A084C117824784B1CDBB29C421EBF51
:10D66000054C13706554FFF7DFFF002038BD00BF85
:10D67000F5260020F4260020F425002010B5FFF741
:10D680001BFD054B1C78054B1B78E41A18BF0124C1
:10D69000FFF7CAFF204610BDF5260020F426002023
:10D6A000164A38B500F10C010346D068302282F3E7
:10D6B0001188DC689A69A14202621BD0446A82B96F
:10D6C0008460D8680268DA605160026A58619A61C1
:10D6D0000162FFF705FDFFF79BFF002080F3118833
:10D6E00038BD1568AA4203D0AD68AC4238BF2C469D
:10D6F000D268E4E700225A61EFE700BF80240020EF
:10D70000302383F31188034BDB6898610F20FDF70A
:10D7100071BE00BF8024002008B50146302383F38A
:10D7200011880820FDF774FE002383F3118808BDDB
:10D73000F0B5AE2301240546962785B02F2200219F
:10D740008DF80F3000940DF10F03FDF7F7FCC820A2
:10D75000FFF7E2FF22460021284600940DF10F0357
:10D760008DF80F700026FDF7E9FCF2B2042128467F
:10D7700000940DF10F0301368DF80F70FDF7DEFCFC
:10D78000D82EF2D10022B123114628468DF80F3051
:10D7900000940DF10F03FDF7D1FC022346228DF812
:10D7A0000F300021284600940DF10F03FDF7C6FC51
:10D7B00005B0F0BD2DE9F0411F460C461646274B3B
:10D7C00068B11970FEF734FC254B04F0070418808B
:10D7D0000120A040C0B2BDE8F041F6F7A3BC1D781F
:10D7E0008D4233D11E4BB3F80080FEF721FCA0EB35
:10D7F000080080B2C72829D806F12004B542E4B257
:10D8000010D005F00700012505FA00F0C0B2F6F7C8
:10D8100093FC072C06D806F0070305FA03F0C0B204
:10D82000F6F780FC3846F6F7F7FD0120FFF774FFA6
:10D830003846F6F7A4FD072C0DD8012006F00706A0
:10D84000B040C0B2BDE8F041F6F776BC012004F06C
:10D850000704A040F5E7BDE8F08100BF9228002052
:10D860008C2C0020EFF30983203383F309880023F5
:10D8700083F31188704770B5302304460E4683F356
:10D880001188A568A5B1A368A269013BA360531CD8
:10D89000A36115782269934224BFE368A361E36919
:10D8A0000BB120469847002383F31188284607E0F0
:10D8B00031462046FDF7D4FD0028E2DA85F31188D1
:10D8C00070BD4FF0FF310C30FFF7D5BF0C30FFF7C4
:10D8D000D2BF2DE9F74F04460E4690460093D0F88C
:10D8E0001C904FF0300A8AF311884FF0000B174656
:10D8F000DFB1A368A1699F4298BF3D46236988BFF5
:10D90000A5685B1AAB4218D92A46304602F0D4FB10
:10D91000A2692A44A368A2615B1BA36025BB2046C1
:10D920000099FDF79DFD0028E3D0002383F31188C3
:10D93000A8EB070003B0BDE8F08F0FD21A463046BF
:10D94000019302F0B9FB019BE168EA1AF018019219
:10D9500002F0B2FBE368019A1A44DBE72A4630463C
:10D9600002F0AAFBE268D5E7B9F1000F01D020462A
:10D97000C8478BF311887F1B2E448AF31188B7E7C1
:10D980004FF0FF330C30FFF7A4BF0C30FFF7A1BFFF
:10D99000F8B504460E461746302383F31188A56870
:10D9A000A5B1A368013BA36063695A1C62611E7044
:10D9B000236962699A4224BFE3686361E3690BB13A
:10D9C00020469847002080F3118807E0394620461A
:10D9D000FDF746FD0028E2DA85F31188F8BD4FF027
:10D9E000FF323030FFF7D4BF3030FFF7D1BF2DE921
:10D9F000F74F04460E4690460093D0F81C904FF027
:10DA0000300A8AF311884FF0000B1746DFB1A36884
:10DA100060699F4298BF3D46236988BFA5681B1A6D
:10DA2000AB4218D92A46314602F046FB62692A44C5
:10DA3000A36862615B1BA36025BB20460099FDF7CC
:10DA40000FFD0028E3D0002383F31188A8EB070023
:10DA500003B0BDE8F08F0FD21A463146019302F0B1
:10DA60002BFB019BE068EA1AF118019202F024FBFB
:10DA7000E368019A1A44DBE72A46314602F01CFBB0
:10DA8000E268D5E7B9F1000F01D02046C8478BF313
:10DA900011887F1B2E448AF31188B7E74FF0FF33BC
:10DAA0003030FFF7A4BF3030FFF7A1BF036810B5D7
:10DAB0005B680C469847C36813B153F8340010BD37
:10DAC00000696043FBE710B503790446052B14D0C9
:10DAD00005231F220371C369DA601A6942F002024A
:10DAE0001A61FFF7E3FFE36900F10060586100206D
:10DAF0001A6942F040021A6110BD0120FCE710B51E
:10DB000003790446052B12D0FFF7D0FF00F1006027
:10DB1000031F00F2FC7053F8042F013205D1834239
:10DB2000F9D100200223237110BD0520FAE701205E
:10DB3000FAE700000346302210B582F31188224A2A
:10DB4000002914BF084610461A7A012A08D11F4A34
:10DB500093422FD11E4A916941F4804191619269AB
:10DB60000468D3F85811D3F8542101EB5401B1FBE8
:10DB7000F4F19160C18841F040011161018941F0E7
:10DB800001015161818841F4045040F02C00D060C3
:10DB9000002001F4A0511060B1F5806F1468526844
:10DBA00014BFFF227F2283F85C2102221A7280F3C5
:10DBB000118810BD074A9342D2D1054AD16941F478
:10DBC0008021D161D269CBE7680D010820310020A6
:10DBD00000100240002A0020302383F31188002324
:10DBE000406983F31188B0FA80F040097047000063
:10DBF000F8B504460D46302383F311884FF0FF3308
:10DC000006784160012E43632ED13C4B98424BD1A4
:10DC100002463B493046FDF7E5F80746206248B129
:10DC2000224602203749FDF7DDF8606228B9384600
:10DC3000FDF776F86FF0100031E0334B9A6942F44B
:10DC400080529A619A69DA6842F48052DA60DA683E
:10DC500022F48052DA60DB68236A5A68E3690C3385
:10DC60009360626A52689360A98AA26AE36A0905AE
:10DC7000297822F4706223F4706344BF42F4A062F6
:10DC800043F4A063002933D042F0240243F024037C
:10DC90002046A262E362FDF7F7F802260020267014
:10DCA000002383F31188F8BD184B9842D4D1024663
:10DCB00013490320FDF796F8074620620028B9D0E3
:10DCC000224604200F49FDF78DF860620028AED08F
:10DCD0000D4BDA6942F48042DA61DA691A6942F47A
:10DCE00080421A611A6922F480421A611B69B3E703
:10DCF00022F0240223F02403CAE700BFE83000200A
:10DD00009DD1000819D2000800100240081400201C
:10DD100038B50446302383F311880378022B16D1DB
:10DD20000025FDF7C9F8E369606A1D605D60FCF7D6
:10DD3000F7FF206AFCF7F4FF0D4B25629C426562F9
:10DD40000CD10C4B9A6922F480529A619B69002392
:10DD500001226360227083F3118838BD064B9C4218
:10DD6000F5D1044BDA6922F48042DA61DB69EEE72F
:10DD7000E83000200010024008140020302383F314
:10DD8000118843681969DA6801238B4053610023C5
:10DD900083F311887047302383F31188436819692E
:10DDA000DA6801238B401361002383F311887047E5
:10DDB00010B5302383F3118803230370036A5C6872
:10DDC00000F13003E360836A61602360436A5B684B
:10DDD000DA60C26A596042F080021A60226842F03A
:10DDE000010222601A6842F001021A60FDF770FC1D
:10DDF000002383F3118810BD302310B583F31188FD
:10DE00001B4C1C4B0021202204F10C00636002F02B
:10DE1000F8F82178012925D1174BDA6942F400027C
:10DE2000DA61DA691A6942F400021A611A6922F4A5
:10DE300000021A61114A1B691164D021104B83F84A
:10DE400013134FF40021C3F880111960E02183F807
:10DE500014134FF48011C3F8801119600023136468
:10DE6000FDF704F902232370002383F3118810BD0A
:10DE700050290020640B010800100240005C0040A3
:10DE800000E100E0F8B5302383F311881F4A1378CE
:10DE9000012B1BD04FF400211D4B4FF48010C3F811
:10DEA0008010C3F88011002183F81313C3F8800099
:10DEB000C3F8800183F814130321164B196403F58A
:10DEC000DA33D96921F40001D961DB690027012324
:10DED0000824114D5760137055F8046F6EB17069C6
:10DEE00020B16FF001010C30FFF74FF9B06920B19C
:10DEF0006FF001010C30FFF748F9013C2F60EBD1C6
:10DF0000FFF786FB84F31188F8BD00BF502900207D
:10DF100000E100E0005C00405829002038B50C46C4
:10DF2000114601220589A2402A43028100EB8400A8
:10DF3000C26800255069128A03609A4228BF1A46B7
:10DF4000816002614560C5602046FDF719F8084A06
:10DF500052F8243023F4F04323F0400383F03003DD
:10DF600043F4004343F0800342F8243038BD00BF3F
:10DF7000005C004038B5302383F311882A4CD4F874
:10DF8000500102681378042B37D194F8DC30022B4F
:10DF900033D10123017912898B4013422DD1D4F85A
:10DFA0002831D4F82C519D4227D1D4F8243123B301
:10DFB000D4F840310BB3043B5B1B1ED02B60D4F86C
:10DFC0002431D4F83411013BC4F82431D4F8303171
:10DFD00029449942C4F8281120D200238D42C4F864
:10DFE000403118D1D4F82411A9B11D46027E42B99E
:10DFF00001792A460068FFF791FF002383F3118817
:10E0000038BD02690021D21AE81801F0FAFFD4F8ED
:10E0100050010369ECE755F8043BE7E7D4F83C11FD
:10E02000C4F82811D9E700BF300D0020436B10B4AD
:10E03000DA6F10680178042913D1197A022910D1F6
:10E040001179012204898A4022420AD19A6D5C6DBD
:10E05000944201D11B6D23B910BC52F8043BFFF769
:10E060005DBF10BC7047000038B50C46302383F309
:10E0700011880B78042B03D0002383F3118838BD5B
:10E08000134B1B781A06F7D4124D2B78002BF3D0C4
:10E09000114B1B78002BEFD00B899B0705D408236D
:10E0A000012120460D4AFFF739FF40F2E7300021F9
:10E0B000DFF82CC02D784FF47A720023E5FB0C01B9
:10E0C000F4F7D4F821468000FDF79AF8D4E700BFB2
:10E0D000202900204C2C0020880E00205B2C0020E2
:10E0E000A086010070B5302304460D46164683F322
:10E0F000118812490B78042B03D0002383F3118875
:10E1000070BD01200B89A04018420FD001EB8401A3
:10E11000CB680B4A5969D06841F80C0F81614FF404
:10E120007A710320FDF774F90130E6D033462A46B0
:10E1300021460248FFF7F2FEDFE700BF502900202A
:10E140008024002010B50446014608220120FFF774
:10E15000C9FF08222146024801F0AEFF10BD00BFF2
:10E160005B2C0020014620220420FFF7BBBF0000EB
:10E1700010B50446014606220420FFF7B3FF06222D
:10E180002146024801F098FF10BD00BF552C002029
:10E19000014603220420FFF7A5BF00EB81032DE910
:10E1A000F0419C6A05460E4644B3302383F3118840
:10E1B0000821201DFEF7C4FF05EB8603D3F80C8071
:10E1C000D8F814301F687FB1226DA36D013222652B
:10E1D000226E04F144001344E26DA365934224BF10
:10E1E000A36EA365FFF724F8A26D636D934207D178
:10E1F000236D2BB15FB9002383F31188BDE8F08153
:10E2000052F8043B31462846FFF788FEF3E7B8F89A
:10E210001030013B3B42EED1E36F1B7E002BEAD175
:10E2200005F17402EEE700002DE9F04190F864304A
:10E23000044613B1002380F86430A14B04F174024A
:10E240001B6D04F17C0603F1804303F5C04303EB2F
:10E2500001139B6803F1005303F540535B001968F9
:10E26000043322F8021BB242F9D163689B6823BBD6
:10E2700094F8743013F0600547D048F28001904A5A
:10E28000136823F4F04323F0400383F010030B439F
:10E290001360136823F4904323F0700383F48053D6
:10E2A0000B43136063681B6813B10621204698472F
:10E2B000062384F86430BDE8F081204698470028A2
:10E2C000D6D094F87A3094F87B20E56E43EA0223A6
:10E2D0009D4284BF1D46E36694F97430002B4FF0D5
:10E2E000300380F25A81002D00F04981092284F820
:10E2F000642083F311880021E36E2046A26EFFF7AD
:10E300000DFE002383F31188D5E794F8752003F000
:10E310007F0343EA022340F20232934200F00B8172
:10E320001FD8B3F5807F4BD00BD8012B42D0022BE6
:10E3300000F0AC80002BA0D10222A666E266236723
:10E34000BFE7B3F5817F00F0C580B3F5407F94D17E
:10E3500094F87630012B90D1B4F87C3043F002036E
:10E3600037E0B3F5006F3ED01CD8B3F5A06F36D0C0
:10E37000A3F5C063012B80D894F87920616894F8E4
:10E3800078304E6843EA0223204694F8762094F8C9
:10E390007710B04700283FF470AF4368A366036866
:10E3A000E3661AE0B3F5106F22D040F602429342C2
:10E3B0007FF463AF434BA3660223E3660023BEE70B
:10E3C00094F87630012B7FF458AFB4F87C3023F00A
:10E3D0000203A4F87C30A566E566256771E73A4B31
:10E3E000A566E566ABE704F17F03A3660123D7E7E3
:10E3F0002378042B39D1302383F31188A36804F1E7
:10E400000C0603F00113A36004F1280856F8047FFA
:10E410006FB1786920B16FF001010C30FEF7B5FEE5
:10E42000B86920B16FF001010C30FEF7AEFE464531
:10E430003560EBD1402301220021C4F884309300E1
:10E4400003F1804303F5B84318680132082A1860C5
:10E450001960F4D181F3118884F87F100321636877
:10E4600021701B680BB12046984794F876304BB169
:10E4700084F87F300423237063681B6813B1022182
:10E48000204698470023A366E36658E794F878305F
:10E4900003F00F0213F0800F094B53F8223008D01D
:10E4A00013F030033FF4E9AE102B14BF074B084BB9
:10E4B00081E713F440533FF4E0AEB3F5805FF4E737
:10E4C000005C0040640D0108A1AB0008600D01086C
:10E4D000620D010894F87630002B7FF4CEAE94F8EC
:10E4E000782012F00F03CDD09B0003F1804312F08F
:10E4F000800F03F5B8431A6810D002F03002302ABA
:10E50000C0D01A6822F4F04222F0400282F02002C9
:10E5100042F4004242F080021A60B3E702F4405233
:10E52000B2F5405FAED01A6822F4F04222F0400209
:10E5300042F42042EEE794F87630002B7FF49DAE53
:10E5400094F8783013F00F019CD01F4A13F0800F1D
:10E5500052F8213015BF23F4F04323F4904323F005
:10E56000400323F0700314BF83F0100383F480533F
:10E5700043F4004343F0800342F8213082E7142241
:10E5800084F8642083F311882B462A460021204614
:10E59000FCF71AFB81F311888DE63DB1152284F852
:10E5A000642083F31188E36EA26EEFE70B2284F8F8
:10E5B000642083F311882B462A4629462046FFF71C
:10E5C000ADFC85F3118876E6005C004038B590F824
:10E5D00064300446002B41D0063BDAB20F2A37D80C
:10E5E0000F2B35D8DFE803F03A34340826353434BD
:10E5F0003434343434343A3A90F87A3090F87B201A
:10E60000C56E43EA02239D4214D2C3681B8AB5FB40
:10E61000F3F203FB12556DB9302383F311882B46B7
:10E620002A462946FFF77AFC85F311880A2384F8E5
:10E6300064300DE0142384F86430302383F31188B0
:10E64000002320461A461946FCF7BEFA81F31188CA
:10E6500038BD036F03B198470023E8E748F2800113
:10E660000D4A136823F4F04323F0400383F01003B2
:10E670000B431360136823F4904323F0700383F477
:10E6800080530B43136063681B6813B10621204657
:10E6900098470623CBE700BF005C004010B590F818
:10E6A00064300446142B36D024D8062B05D001D86C
:10E6B0001BB110BD093B022BFBD848F280011C4A5C
:10E6C000136823F4F04323F0400383F010030B435B
:10E6D0001360136823F4904323F0700383F4805392
:10E6E0000B43136063681B6813B1062120469847EB
:10E6F000062319E0152BDCD10B2380F8643030237E
:10E7000083F3118800231A461946FFF707FC0023FC
:10E7100083F31188CDE7C3689B695B68002BC8D180
:10E72000036F03B19847002384F86430C1E700BF4A
:10E73000005C0040012208B50B4B1A700B4A51696E
:10E7400013680B4003F0010353614BB1302383F393
:10E75000118800210648FEF747FE002383F3118845
:10E76000BDE80840FCF7CAB9E329002000040140D5
:10E7700034130020012208B50B4B1A700B4A516963
:10E7800013680B4003F0020353614BB1302383F352
:10E79000118800210648FEF727FE002383F3118825
:10E7A000BDE80840FCF7AAB9E329002000040140B5
:10E7B0003C130020012208B50B4B1A700B4A51691B
:10E7C00013680B4003F0040353614BB1302383F310
:10E7D000118800210648FEF707FE002383F3118805
:10E7E000BDE80840FCF78AB9E32900200004014095
:10E7F00044130020012208B50B4B1A700B4A5169D3
:10E8000013680B4003F0080353614BB1302383F3CB
:10E81000118800210648FEF7E7FD002383F31188E5
:10E82000BDE80840FCF76AB9E32900200004014074
:10E830004C130020012208B50B4B1A700B4A51698A
:10E8400013680B4003F0100353614BB1302383F383
:10E85000118800210648FEF7C7FD002383F31188C5
:10E86000BDE80840FCF74AB9E32900200004014054
:10E8700054130020274B10B55A691C68910644BFF9
:10E880000120254904EA020404F4787248BF0870A4
:10E890005A61A30609D5302383F3118800211F484C
:10E8A000FEF7A2FD002383F31188600609D530230B
:10E8B00083F3118800211A48FEF796FD002383F3A5
:10E8C0001188210609D5302383F3118800211548CA
:10E8D000FEF78AFD002383F31188E20509D5302372
:10E8E00083F3118800211048FEF77EFD002383F397
:10E8F0001188A30509D5302383F3118800210B4823
:10E90000FEF772FD002383F31188BDE81040FCF789
:10E91000F5B800BF00040140E32900205C1300208B
:10E92000641300206C130020741300207C1300205B
:10E93000294B10B55A691C68144004F47C425A6192
:10E94000620509D5302383F3118800212348FEF79F
:10E950004BFD002383F31188230509D5302383F36E
:10E96000118800211E48FEF73FFD002383F3118824
:10E97000E00409D5302383F3118800211948FEF7FC
:10E9800033FD002383F31188A10409D5302383F3D9
:10E99000118800211448FEF727FD002383F3118816
:10E9A000620409D5302383F3118800210F48FEF754
:10E9B0001BFD002383F31188230409D5302383F33F
:10E9C000118800210A48FEF70FFD002383F3118808
:10E9D000BDE81040FCF792B8000401408413002009
:10E9E0008C130020941300209C130020A4130020FB
:10E9F000AC1300201B4B5A6890072ED54FF4003102
:10EA00005A6822F002025A60174A51615A6842F06D
:10EA100010025A605A689106FCD5144AD16941F037
:10EA20000061D161D16941F08051D16110490A681A
:10EA300042F480720A605A6842F010025A60002262
:10EA4000DA615A6822F010025A60064B5A68920640
:10EA5000FCD55A6822F010025A600122054B1A7048
:10EA6000FCF74CB8002800400004014000100240B0
:10EA7000007000401429002008B50548FCF794F9FF
:10EA80000448FCF791F9BDE80840FCF737B800BF2F
:10EA9000F405010804060108194B1A6842F0010246
:10EAA0001A601A689007FCD51A6802F0F9021A6019
:10EAB00000225A605A6812F00C0FFBD11A6842F417
:10EAC00080321A601A689103FCD55A6842F4E81241
:10EAD0005A601A6842F080721A601A689201FCD576
:10EAE0001221084A5A60084A11605A6842F002022C
:10EAF0005A605A6802F00C02082AFAD1704700BF27
:10EB00000010024000641D0000200240FFF7C4BF57
:10EB100008B50348FCF748F9BDE80840FBF7EEBF2D
:10EB20005405010808B50348FCF73EF9BDE8084064
:10EB3000FBF7E4BF6405010808B50348FCF734F9A6
:10EB4000BDE80840FBF7DABF7405010808B50348C3
:10EB5000FCF72AF9BDE80840FBF7D0BF840501089F
:10EB600008B50348FCF720F9BDE80840FBF7C6BF2D
:10EB70009405010808B50348FCF716F9BDE80840FC
:10EB8000FBF7BCBFA405010808B50348FCF70CF966
:10EB9000BDE80840FBF7B2BFB405010808B503485B
:10EBA000FCF702F9BDE80840FBF7A8BFC40501085F
:10EBB00008B50348FCF7F8F8BDE80840FBF79EBF2E
:10EBC000D405010808B50348FCF7EEF8BDE8084095
:10EBD000FBF794BFE4050108032AF0B528D10161D1
:10EBE000154B9F5C002308221D461C461E4611F053
:10EBF000800F4FEA04144FEA03134FEA06164FEA58
:10EC000005150CBF44F00F043B4311F4004F0CBF3B
:10EC100046F00F063D43013A4FEA4101E7D1426811
:10EC200032402A4342600268224013430360F0BD31
:10EC3000042A08BF4161D3E7300D010808B500F090
:10EC40003BFB084806228021FFF7C6FF80230361B3
:10EC500000F20440FEF76CFDBDE808400248FEF7F4
:10EC600067BD00BF000C0140080C0140F8B5504BD7
:10EC7000012603F108029A6503F11C02C3F8802003
:10EC800003F13002C3F8A0204A4AD3F8C400C3F805
:10EC9000D42003F1D802C3F8D82003F1E002C3F86E
:10ECA000E020C3F8E4200022D3F8D010D3F8BC4011
:10ECB000043000FB0415C3F80041D3F8C040C3F88A
:10ECC000F850C3F8FC00D3F8B850D3F8CC00C3F820
:10ECD000F410C3F8F010C3F804110434364983F873
:10ECE000DC6083F8E86083F8206104FB0506C3F864
:10ECF000101103F58C7703F1D401C3F8EC20C3F8AD
:10ED00000821C3F80C21C3F81411C3F81871C3F813
:10ED10001C71C3F82451C3F82C01C3F84021C3F877
:10ED20004421264AC3F82801C3F83C01C3F848210E
:10ED30003020D3F8B020C3F83061C3F83441C3F8B1
:10ED40003851C3F84C1180F3118893F8B40002EBEA
:10ED50008000816293F8B500113042F8201093F8DA
:10ED6000B60010B102EB800291620226144A002420
:10ED7000C3F8502183F8DC6084F311884FF4805588
:10ED8000104806224FF48051FFF726FF4561FFF738
:10ED900079F841F28830FEF7BFFCFFF72DF83246D4
:10EDA00029460848FFF718FF074B1C60F8BD00BF55
:10EDB000300D0020F40D010859AC00082DE00008CA
:10EDC000E00D002000080140702C002008B5064826
:10EDD00006224FF48051FFF7FFFE4FF4805343614A
:10EDE000BDE80840FFF74EB800080140012230B5E9
:10EDF0000F258A4001F0030321F0030101F1804156
:10EE000000F1404001F58031A0F584308C689B0012
:10EE1000C0F38320984005FA03F324EA0304204357
:10EE2000074B8860996811439960D9681143D9608C
:10EE3000196811431960596821EA02025A6030BD0D
:10EE40000004014070B5302686F31188154D2A461E
:10EE5000EB690133EB6152F8103F934206D1002376
:10EE600083F31188BDE87040FBF748BE9A68013A09
:10EE70009A602C69A368002BF1D1226861680A604E
:10EE80005160236083F311882046E3682169984725
:10EE900086F3118861690029EBD02046FCF798F9C8
:10EEA000E7E700BF8024002038B5174DEB691C69E7
:10EEB000DA681440E2B2D2431A61A30704D56B6842
:10EEC0001B690BB128469847600704D56B689B699E
:10EED0000BB10D489847210704D56B681B6A0BB12D
:10EEE00009489847E20604D56B689B6A0BB106484F
:10EEF0009847E30704D56B689B680BB102489847B5
:10EF0000BDE83840FBF7FABDE813002008B5034818
:10EF1000FEF7C6F9BDE80840FBF7F0BD2031002040
:10EF200008B50348FEF7BCF9BDE80840FBF7E6BDAD
:10EF3000002A00202DE9F84FAA4B5E6CF2437705BA
:10EF40005A6432D50024A84F02233D464FF0300AC0
:10EF5000A0463B70FC6745F8084F55F8043FABB13D
:10EF60008AF31188D5F80090D9F8140020B16FF019
:10EF700001010C30FEF709F9D9F8180020B16FF043
:10EF800001010C30FEF701F988F311880134082CD7
:10EF9000C5F80080E1D187F86480FCF767F87B68EA
:10EFA0001B6813B100219048984735050FD4F4042D
:10EFB00046D4B00504D58C484368DB6803B1984754
:10EFC000894D330456D4BDE8F84FFBF797BD854B08
:10EFD000854C1A6C42F008021A641A6C42F0040262
:10EFE0001A642378052BE2D084F88030052323703F
:10EFF00063681B6813B104212046984700274FF02F
:10F000003009A7600824794D55F8043FABB189F366
:10F010001188D5F80080D8F8140020B16FF00101F4
:10F020000C30FEF7B2F8D8F8180020B16FF00101EB
:10F030000C30FEF7AAF887F31188013CE4D1B6E75B
:10F04000684B9A6C12F4004F1A6C0FD1664822F08C
:10F0500008021A6401780529ABD190F8803003705A
:10F0600043681B68002BA4D09847A2E742F0040233
:10F070001A649EE706F00F00840004F18044871CA8
:10F0800004F5B84405EB8703F1062268D3F804C001
:10F0900043D42268DCF8143022F4784222F0F002E3
:10F0A00042F4004222601E695A6819683244891A83
:10F0B0005A6017D0BCF810208A4228BF0A469968C7
:10F0C0001A6131449960FBF75BFF236823F4F04336
:10F0D00023F0400383F0300343F4004343F0800304
:10F0E000236029E001222B89824023EA02032B813D
:10F0F000DCF8083013B1014628469847302383F3E3
:10F100001188002105EB87077B6858690C30FEF7F2
:10F110003CF8002383F311880EE02368120523F4E2
:10F12000784323F0F00343F080032360C1B206D597
:10F130002846DCF8043098472A4B5E6C41E7294B9F
:10F14000DCF818201B6DD2F8088003F1804303F52A
:10F15000C04303EB00139E68DB6806F1005606F51A
:10F1600040564FEA460EC3F309037646C3469A4615
:10F17000BAF1010F3CD86FF001064FEA530906FBC4
:10F1800009F6DE421EBFA8EB06085EF8296088F883
:10F19000006096681E44966056681E445660166865
:10F1A000F61A1660168A013EB6B21682BCF8122014
:10F1B0009A4200D83EBB012303FA00F26B8923EA8E
:10F1C00002036B8105EB87035B68DB680BB10648C4
:10F1D0009847302383F3118805EB87077B6898698C
:10F1E000416893E7005C0040502900205829002026
:10F1F00056F8049BAAF1020A0BF8029B4FEA192960
:10F200000BF8019CB4E7236823F4904323F07003C8
:10F2100083F4405360E700BF162303604FF0FF30D4
:10F220007047002070471846704700207047000064
:10F23000302310B583F311880B4C2368626819449E
:10F2400091424FF0000206D982F311880C2303602B
:10F250004FF0FF3306E08B42F6D8216082F311882D
:10F26000002BF3D0184610BD40140020104600219A
:10F27000582208B500F0C5FE4FF40052426000204D
:10F2800008BD01207047000072B6024B024ADA65E1
:10F29000FEE700BF80240020F016010872B6024B82
:10F2A000024ADA65FEE700BF80240020F516010857
:10F2B0000120704770470000164B10B51C7844BB06
:10F2C000012220211A7014480222FFF785FC022235
:10F2D00080211148FFF780FC022240210E48FFF7F1
:10F2E0007BFC4FF47A70FEF717FA102220210A48AF
:10F2F000FFF772FC102280210748FFF76DFC1022F7
:10F3000040210548FFF768FC0448FEF701FD044B67
:10F310001C7010BD822F002000080140E830002042
:10F320009C2F002070B5334E0546307800285FD101
:10F330006C1C2FD002249C422DD3A31EFE2B29D857
:10F34000022A2D4B4FEAC11128D0032A29D0012AC5
:10F3500008BF41F00101202C99823DD024D8082C0F
:10F3600032D0102C34D0042C29D0012405F00F0108
:10F370001961062225F00F0004FA01F1D8603470FB
:10F38000FFF72AFC1C491D48FEF732FC1B48FEF71C
:10F39000F5FC204670BD6400A4B2CCE741F0020148
:10F3A000D9E741F00301D6E7802C19D0B4F5807F6E
:10F3B0001AD0402CD9D19A8A42F0280202E09A8AC7
:10F3C00042F008029A82D0E79A8A42F01002F9E7E6
:10F3D0009A8A42F01802F5E79A8A42F02002F1E791
:10F3E0009A8A42F03002EDE79A8A42F03802E9E761
:10F3F0000020CFE79C2F0020842F0020E830002041
:10F4000008B502460248FEF7D3FC002008BD00BF45
:10F41000E830002010B5064C23783BB10548FEF7D4
:10F42000BAFC0448FEF774FC0023237010BD00BF33
:10F430009C2F0020E83000200D4B10B51A78AAB997
:10F4400001220C4C1A70206010224FF400710A48FF
:10F45000FFF7C2FB4FF4806107480222FFF7BCFBB5
:10F460002146BDE810400548FEF764BB10BD00BF53
:10F470009D2F0020DC0E00200008014020310020DC
:10F4800001464FF0FF320148FEF782BA50310020AA
:10F490004FF0FF3108B50248FEF7EDF9C0B208BDE4
:10F4A0002C3100200A464FF0FF3301460148FEF799
:10F4B0009EBA00BF5031002008B50348FEF78CFB10
:10F4C00080F00100C0B208BD20310020164B10B5FD
:10F4D0001C68226BB2B9182000F054F80246206371
:10F4E00020B95221114B124800F02EF81149124B4D
:10F4F000C0E90013114B002183600B23838101209D
:10F50000C2E9040113690E48546958430D4901FBCF
:10F510000400A3FB0131013340EB0100C2E90430D8
:10F5200020F0004010BD00BFE80E00209810010838
:10F53000AF1001080E33CDAB34126DE6ECDE0500E2
:10F540002DF451582D7F954C1FB51D46094B06468D
:10F550001B68D86852B1084C3346CDE9014200918E
:10F560002A46064900F0B6F800F0C6F8044C2246D8
:10F57000F2E700BFE80E0020331101084011010836
:10F5800040140108024B0146186800F025B800BF7E
:10F59000E80E002070B50F4C0E462168054611B9E3
:10F5A000FFF746FE206031462846FFF741FE431C28
:10F5B00003D14FF0FF34204670BDC41C24F0030477
:10F5C000A042F8D0211A2846FFF732FE0130F2D1CE
:10F5D000EFE700BFA02F00202DE9F843CD1C25F058
:10F5E000030508350C2D38BF0C25002D064601DB20
:10F5F000A94204D90C2333600020BDE8F883334FBF
:10F6000000F066F83B681C463CBB29463046FFF7D5
:10F61000C1FF431C044656D13C68A046B8F1000F18
:10F6200040D1002C49D023684146304604EB030901
:10F63000FFF7FEFD814540D1216830466D1A29460D
:10F64000FFF7A8FF013038D023682B4423603B68C4
:10F650005A685ABBC7F800800EE02268521B1ED4BD
:10F660000B2A16D96119A342256018BF5960636837
:10F6700008BF396062514B60304600F02AF804F14F
:10F680000B00231D20F00700C21A1CBF1B1AA35039
:10F69000B3E76268A3420CBF3A605A60ECE72346C6
:10F6A0006468B1E74446D8F80480B7E71A465B6857
:10F6B000A342FBD100235360DEE70C2330463360C6
:10F6C00000F007F898E70560D6E700BFA42F0020F8
:10F6D000704770470EB403B5014603AB054853F8B5
:10F6E000042B0068019300F081F802B05DF804EB90
:10F6F00003B07047E80E0020062008B500F0B2FC09
:10F700000120FFF7C1FD000037B5002942D051F8B4
:10F71000043C0C1F002BB8BFE4180190FFF7D8FF82
:10F720001D4A0198136833B96360146003B0BDE8E3
:10F730003040FFF7CEBFA34208D9256861198B423C
:10F7400001BF19685B6849192160EDE71A465B68DB
:10F750000BB1A342FAD911685518A5420BD1246800
:10F7600021445418A3421160E0D11C685B680C442A
:10F7700014605360DAE702D90C230360D6E72568EA
:10F7800061198B4201BF19685B6849192160636088
:10F790005460CBE703B030BDA42F0020936810B4B1
:10F7A000013B002B936007DA9469A34201DB0A292D
:10F7B00002D110BC00F07BBB1368581C106019709C
:10F7C000084610BC7047F8B506460F461446D518D3
:10F7D000AC4201D1002007E03A46304614F8011B44
:10F7E000FFF7DCFF431CF3D1F8BD00002DE9F04723
:10F7F00006460D4614461F4696B018B1036A0BB96B
:10F8000000F0E6FAAB891B0759D52B69002B56D0BF
:10F810000023099320238DF8293030234FF001086D
:10F8200003975F4F8DF82A3023461A7899461AB10C
:10F83000252A03F10103F8D1B9EB040A0BD0534692
:10F84000224629463046FFF7BEFF013000F0A38074
:10F85000099A5244099299F80030002B00F09B80DD
:10F8600000224FF0FF33CDE9053209F1010904927E
:10F8700007928DF853204C46052214F8011B484886
:10F8800000F00CFC049A28BBD00644BF20238DF85E
:10F890005330110744BF2B238DF8533099F80030B3
:10F8A0002A2B1ED04B4600204FF00A0C07991A78DD
:10F8B0001C46303A092A55D900B307911EE0294663
:10F8C000304600F031FB0028A2D04FF0FF3016B0D8
:10F8D000BDE8F087C01B08FA00F01043A146049071
:10F8E000C9E7039B191D1B680391002BBBBF5B423B
:10F8F00042F0020207930793B8BF049223782E2B9D
:10F900000AD163782A2B32D1039B02341A1D1B685B
:10F91000039243EAE3730593DFF888900322484695
:10F92000217800F0BBFB38B14022049BA0EB09001A
:10F930008240134301340493217806221A488DF83B
:10F94000281000F0ABFB03AB2A4600933046174B60
:10F9500004A900F0A3F8421C1DD0099B0134034404
:10F96000099361E701200CFB012101339FE700238C
:10F970004FF00A0C18460593611C0A780C46303A81
:10F98000092A03D9002BC7D00590C5E701230CFB3A
:10F9900000200131F1E7AB895B0696D4099896E720
:10F9A0006F1101087511010879110108C7F70008E6
:10F9B0002DE9F047914698468A680B6907469342BD
:10F9C000B8BF1346C9F8003091F843200C46089E92
:10F9D00012B10133C9F800302368990642BFD9F843
:10F9E00000300233C9F80030256815F0060507D14C
:10F9F00004F1190AE368D9F800209B1AAB4229DC0C
:10FA000094F843302268003B18BF012392062ED49D
:10FA10004146384604F14302B047013021D0236803
:10FA2000A16803F00603042B12BF0025E568D9F88E
:10FA30000030226904BFED1A25EAE5758B1A2B44C4
:10FA40009142C8BF1D464FF000091A344D451AD1E6
:10FA5000002008E00123524641463846B0470130B5
:10FA600003D14FF0FF30BDE8F0870135C2E7302009
:10FA7000E11881F843005A1C94F8451022440233DF
:10FA800082F84310C4E70123224641463846B04776
:10FA90000130E6D009F10109D8E700002DE9F04373
:10FAA00098460B7E85B0782B174606460C460C9A76
:10FAB00009D8622B01F1430108D8002B00F0DC804B
:10FAC000582B00F0BD8004F1420539E0A3F163003A
:10FAD0001528F8D801A555F820F000BF35FB00081F
:10FAE00049FB0008C7FA0008C7FA0008C7FA00086F
:10FAF000C7FA000849FB0008C7FA0008C7FA00085F
:10FB0000C7FA0008C7FA000859FC000875FB00088E
:10FB100007FC0008C7FA0008C7FA000881FC0008C3
:10FB2000C7FA000875FB0008C7FA0008C7FA000802
:10FB30000FFC0008136804F14205191D1B681160D1
:10FB400084F842300123A8E013682568181D10606E
:10FB5000280601D51B6803E06A06FBD5B3F900301F
:10FB6000002B03DA2D225B4284F843200A22DFF8BF
:10FB700078C113E02568106815F0800F50F8043B39
:10FB800002D16D0648BF9BB21060227EDFF858C1DB
:10FB90006F2A5DD10822002084F843006568002D9B
:10FBA000A56005DB20681D4320F00400206051D0D3
:10FBB0000D46B3FBF2F002FB103E1CF80EE09A4239
:10FBC00005F801ED0346F4D9082A0BD12368DA07BA
:10FBD00008D5236962689A42DEBF302305F8013CEC
:10FBE00005F1FF35491B21613B4621463046CDF8E2
:10FBF000008003AAFFF7DCFE013053D14FF0FF3045
:10FC000005B0BDE8F083236843F020032360782328
:10FC1000DFF8D8C084F845302068156810F0800FF0
:10FC200055F8043B03D110F0400F18BF9BB215608C
:10FC3000C50744BF40F02000206023B11022AAE78E
:10FC4000DFF8A4C0E6E7226822F020022260F5E790
:10FC50000A22A0E70D46B7E71368D4F800C01D1DBF
:10FC600060691CF0800F15601B6801D0186003E00C
:10FC70001CF0400FFAD0188000230D462361B3E733
:10FC80001368191D11601D6800212846626800F084
:10FC900005FA08B1401B606063682361002384F8A3
:10FCA0004330A1E72A46394630462369C047013030
:10FCB000A4D023689B0714D4E068039B9842B8BF84
:10FCC00018469DE701233946304604F11902C04722
:10FCD000013093D00135E36803995B1AAB42F1DC44
:10FCE000EAE70025F7E700BF80110108911101083C
:10FCF000002310B50446C0E90033C0E90433836033
:10FD000081814366C2818361194608225C3000F01C
:10FD100078F9054B24626362044BA362044BE362EF
:10FD2000044B236310BD00BF27FE000849FE0008F6
:10FD300081FE0008A7FE0008024A0349034800F0BC
:10FD400055B800BF380F0020CD010108EC0E00208F
:10FD500041680C4B10B59942044601D000F036FAC8
:10FD6000A168094B994202D0204600F02FFAE168C1
:10FD7000064B994204D02046BDE8104000F026BA58
:10FD800010BD00BFA82F00201030002078300020C8
:10FD900010B50A4B0A4A04211A600A480022FFF7EC
:10FDA000A7FF012209210848FFF7A2FFBDE8104084
:10FDB000022212210548FFF79BBF00BFE030002060
:10FDC00039FD0008A82F00201030002078300020D6
:10FDD000036A33B9034B0362034B1B680BB9FFF78C
:10FDE000D7BF704751FD0008E03000202DE9F843EF
:10FDF0008046894614460026D4E90175013F05D5A1
:10FE00002468002CF8D13046BDE8F883AB89012B7B
:10FE100007D9B5F90E30013303D029464046C8470B
:10FE200006436835EAE710B50C46B1F90E10FFF746
:10FE3000F3F90028ABBF636DA3891B1823F480532B
:10FE4000ACBF6365A38110BD2DE9F0411F468B89CE
:10FE50000546DB050C46164605D502230022B1F9FE
:10FE60000E10FFF7DEF9A389324623F48053A381F5
:10FE700028463B46B4F90E10BDE8F041FFF7D3B970
:10FE800010B50C46B1F90E10FFF7CBF9B4F90C30F0
:10FE9000421C0BBF23F4805343F48053A381A381FE
:10FEA00018BF606510BDB1F90E10FFF7BEB9F8B507
:10FEB00005460F46144618B1036A0BB9FFF788FFD1
:10FEC000A369A360A3891A0701D5236943B9214611
:10FED000284600F029F818B14FF0FF363046F8BD3B
:10FEE00023692068C01A6369834205DC21462846DD
:10FEF00000F06CF90028EFD1A3680130013BA3604A
:10FF00002368FEB25A1C22601F706369834204D0CA
:10FF1000A389DB07E2D50A2EE0D12146284600F06E
:10FF200055F90028DAD0D7E738B5284B05461868C8
:10FF30000C4618B1036A0BB9FFF74AFFB4F90C304D
:10FF4000190720D4DA0607D409222A6043F04003B7
:10FF50004FF0FF30A38131E0580711D5616B41B1FB
:10FF600004F14403994202D02846FFF7CDFB002359
:10FF700063630022A3896260226923F02403226064
:10FF800043F00803A38123694BB9A38903F42073C9
:10FF9000B3F5007F03D02146284600F050F9B4F9AC
:10FFA0000C3013F001020AD00022A26062695242B2
:10FFB000A261226942B913F08000C7D138BD990708
:10FFC00058BF6269A260F4E70020F7E7E80E00205E
:10FFD000884210B501EB020402D98442234607D8B7
:10FFE000431EA14207D011F8012B03F8012FF8E7B7
:10FFF0000244824200D110BD13F8011D02F8011D18
:020000040801F1
:10000000F7E703460244934200D1704703F8011B0F
:10001000F9E71F2938B505460C4604D916230360B5
:100020004FF0FF3038BDC26B12B152F821304BB9DE
:10003000284600F031F8224601462846BDE83840FF
:1000400000F018B8012B0AD0591C03D11623036005
:100050000120E7E70021204642F8241098470020BD
:10006000E0E70000024B01461868FFF7D2BF00BF6F
:10007000E80E002038B50023064C05460846114618
:100080002360FFF70BF9431C02D1236803B12B60F7
:1000900038BD00BFE4300020FFF70AB9034610B5B1
:1000A000C9B20244934201D1002004E0184604780A
:1000B00001338C42F6D110BD0A44914200F1FF3366
:1000C00000D1704710B511F8014B914203F8014F70
:1000D000F9D110BDB1F90C20F8B5160705460C464C
:1000E00051D44B68002B02DC0B6C002B49DDE66A17
:1000F000002E46D0002312F480522F682B6031D09E
:10010000626DA389590705D56368D21A636B0BB179
:10011000236CD21A00232846E66A216AB047421CA3
:10012000B4F90C3006D129681D2944D8264ACA40A2
:10013000D60740D5002262602269D904226004D526
:10014000421C01D12B6803B96065616B2F60C1B19E
:1001500004F14403994202D02846FFF7D5FA002360
:1001600063630EE001232846216AB0470246501C13
:10017000C7D12B68002BC4D01D2B01D0162B19D151
:100180002F6000201CE00F69002FFAD0930718BFE2
:1001900000230E6808BF4B69F61B0F608B60002EB2
:1001A000EFDD33463A462846216AD4F828C0E047B6
:1001B000002806DCA3894FF0FF3043F04003A38101
:1001C000F8BD0744361AEAE70100402038B50B694C
:1001D00004460D466BB118B1036A0BB9FFF7F8FD81
:1001E000B5F90C302BB129462046BDE83840FFF761
:1001F00071BF184638BD70B50E46B1F90E101446E1
:1002000000291D4696B00ADAB28912F0800213D195
:100210004FF4806100202A60216016B070BD6A46EC
:10022000FFF724F80028EFDB019A02F47042A2F5F0
:1002300000535A425A41EBE700224021EAE78B89FA
:1002400073B59E0705460C4607D504F147032360A6
:1002500023610123636102B070BD01AB6A46FFF701
:10026000CAFF009E28463146FFF7B6F9B4F90C30B4
:1002700038B99A05EFD423F0030343F00203A381B6
:10028000E3E743F08003A381019BC4E904062060F7
:10029000002BE0D02846B4F90E10FEF7F2FF00283C
:1002A000D9D0A38923F0030343F00103A381D2E74C
:1002B00010B501390244904201D1002005E00378D5
:1002C00011F8014FA34201D0181B10BD0130F2E715
:1002D000034611F8012B03F8012B002AF9D17047CE
:1002E000000C0140001001400110014002100140CB
:1002F00003100140020C01400E0801400F080140AC
:100300000C0C01400D0C01400E0C01400F0C014083
:100310000610014007100140040C01400008014094
:10032000010801400208014003080140040801409F
:1003300005100140003131295A1B750A2223252658
:1003400028292A2C2D2F3032333536383A3B3D3E82
:100350004042434547494A4C4E5051535557595ACC
:100360005C5E6062646668696B6D6F7173757779E6
:100370007B7D7F81838587898A8C8E9092949698E5
:100380009A9C9E9FA1A3A5A7A8AAACAEAFB1B3B4F7
:10039000B6B8B9BBBCBEBFC1C2C3C5C6C7C9CACB4C
:1003A000CCCDCED0D1D2D2D3D4D5D6D7D7D8D9D917
:1003B000DADADBDBDBDCDCDCDCDCDDDDDDDDDCDC80
:1003C000DCDCDCDBDBDBDADAD9D9D8D7D7D6D5D49D
:1003D000D3D2D2D1D0CECDCCCBCAC9C7C6C5C3C269
:1003E000C1BFBEBCBBB9B8B6B4B3B1AFAEACAAA8BE
:1003F000A7A5A3A19F9E9C9A98969492908E8C8A72
:1004000089878583817F7D7B79777573716F6D6B4C
:100410006968666462605E5C5A5957555351504E24
:100420004C4A4947454342403E3D3B3A38363533D6
:1004300032302F2D2C2A29282625232200010202C2
:1004400002020606060909090909090F0F0F0F0F15
:100450000F0001010101010101010102020202027A
:10046000020202020303030303030303040404045C
:100470000404040505050505060606060607070724
:10048000070708080808090909090A0A0A0B0B0BDB
:100490000C0C0C0D0D0D0E0E0E0F0F0F1010111178
:1004A00011121213131414151516161717181819FC
:1004B000191A1A1B1B1C1D1D1E1E1F202021222263
:1004C000232424252626272829292A2B2C2D2D2EA6
:1004D0002F30313232333435363738393A3B3C3DC0
:1004E0003E3F404142434445464748494A4C4D4EB1
:1004F0004F50515354555658595A5B5D5E5F616277
:1005000064656668696B6C6D6F7072737577787A05
:100510007B7D7E8082838587888A8C8E8F91939560
:1005200096989A9C9EA0A2A3A5A7A9ABADAFB1B384
:10053000B5B7BABCBEC0C2C4C6C9CBCDCFD1D4D664
:10054000D8DBDDDFE2E4E7E9EBEEF0F3F5F8FAFD06
:10055000FF0000000000024008000240010000000F
:100560000000000B000002401C00024002000000DE
:100570000004010C000002403000024004000000B2
:100580000008020D00000240440002400800000084
:10059000000C030E00000240580002401000000052
:1005A0000010040F000002406C0002402000000018
:1005B00000140510000002408000024040000000CE
:1005C00000180611000402400804024080000000E8
:1005D00000000738000402401C0402400001000033
:1005E0000004083900040240300402400002000008
:1005F0000008093A000402404404024000040000DC
:10060000000C0A3B000402405804024000080000AD
:1006100000100B3B0000000061AC0008A7B600080A
:1006200069AC0008F5AC0008C7DA0008F9AC0008AE
:10063000FFDA000869D50008A1D600080000000014
:100640009DDA000881D90008DFD90008C3D8000866
:10065000E9D90008CDD80008A7DA00088BD900082E
:1006600093AB0008D9150108480F0020581000204E
:100670000A0C01400B0C014000100E0000000000AD
:1006800000000000643214783C1E1E140A0500FFAE
:100690000100010000FFFF0000010001FF00000158
:1006A00002030405060708090A0B0CFFFF0D0E0FD5
:1006B000101112131415161718191A1B1C1D1E1FC2
:1006C000202122232425262728292A2B2C2D2E2FB2
:1006D000303132333435363738393A3B3C3D3E3FA2
:1006E000404142434445464748494A4BFFFFFF4C7F
:1006F000FFFF4D4E4F5051520000120021002F00BD
:100700003E0050005E006D007B008D009B00AA0043
:10071000B800000F0E0F1D0F2B0F3A0F480F570F89
:10072000650F740F820F910F9F0FAE0FC40FE00F74
:10073000041B151B241B321B421B501B5E1B6C1B16
:100740007B1B8A1B981BA71BB51BC81AE01B052720
:1007500019272827362745275327622770277E2702
:100760008D279B27AA27B827C227E02705321232F8
:1007700021322F323E324C325B326932783286324D
:100780009532A332B732CE34E032023E143E263EDA
:100790005C3E913E9F3EAE3EBF40CE40DD400000FD
:1007A0000000040404040404040404040404040411
:1007B00004040404040404040404040404040404F9
:1007C00004040404040404040404040404040404E9
:1007D00004040404040404040404040404040404D9
:1007E00004040404040404040404040404040404C9
:1007F0000404040404000000000C01400010014047
:10080000011001400210014003100140020C0140A0
:100810000E0801400F0801400C0C01400D0C014076
:100820000E0C01400F0C0140061001400710014062
:10083000040C014000080140010801400208014089
:1008400003080140040801400510014029003A0056
:100850003B003C003D003E003F00400041004200A4
:100860004300440045000000A80035001E001F00A2
:10087000200021002200230024002500260027005C
:100880002D002E002A004C002B0014001A00080036
:10089000150017001C0018000C00120013002F0098
:1008A000300031004D003900040016000700090037
:1008B0000A000B000D000E000F0033003400310061
:1008C00028004B00E10064001D001B000600190019
:1008D000050011001000360037003800E500520016
:1008E0004E00E000E300E2000000000000002C00E9
:1008F00000000000E6002152E400500051004F00CB
:100900000100BE00BD002B08B300B100B500AC0073
:10091000AE00AB00A800AA00A90000000100010081
:10092000417E427E437E407E5C7E5D7E5E7E577E63
:10093000587E597E0100010020785A7E517E0100C8
:10094000010001000100010001000100010001009F
:1009500001000100227821785B7E01000100497EC0
:1009600001000100010001000100010001002678E2
:10097000257824782378010001000100010001009E
:10098000010001000100010001000100010001005F
:1009900001002778010001004B7E010000000000EB
:1009A00000004C7E00000000010001004D7E2A780E
:1009B0002878297829003A003B003C003D003E00A1
:1009C0003F00400041004200430044004500000059
:1009D000A80035001E001F00200021002200230077
:1009E00024002500260027002D002E002A004C00A0
:1009F0002B0014001A000800150017001C00180036
:100A00000C00120013002F00300031004D0039009F
:100A100004001600070009000A000B000D000E007C
:100A20000F0033003400310028004B00E100640067
:100A30001D001B0006001900050011001000360003
:100A400037003800E50052004E00E000467E477E49
:100A50000000000000002C0000000000487E23522F
:100A6000E400500051004F000100BE00BD00C10075
:100A7000C20001000100AC00AE00AB00A800AA005B
:100A8000A900000001000100417E427E437E407EBD
:100A90005C7E5D7E5E7E577E587E597E0100010041
:100AA00020785A7E517E0100010001000100010002
:100AB00001000100010001000100010022782178FD
:100AC0005B7E01004A7E010001000100010001007F
:100AD00001000100010026782578247823780100A0
:100AE00001000100010001000100010001000100FE
:100AF0000100010001000100010027780100010050
:100B0000010001000000000000004C7E0000000019
:100B1000010001004D7E2A7828782978A900AA00D2
:100B2000A900AA00A900AA00A900AA00E200E90001
:100B3000EA00B500B600B700CD008301CC008A0101
:100B40009201940121022302240225022602270297
:100B50002A02B300B4006F0070009F01CB019F0216
:100B6000A002000005D40008D1A9000845B2000881
:100B700075DF000859554E5A4949204237355052C1
:100B80004F4D4158000631FF0974A1010975150048
:100B900026FF00952075088102C005010902A10108
:100BA00085020901A100050919012908150025017F
:100BB0009508750181020501093009311581257FEC
:100BC00095027508810609381581257F95017508FC
:100BD0008106050C0A38021581257F95017508816B
:100BE00006C0C005010980A101850319012AB700CB
:100BF000150126B700950175108100C0050C09018B
:100C0000A101850419012AA002150126A00295015F
:100C100075108100C005010906A1018506050719A7
:100C2000E029E715002501950875018102050719DE
:100C30000029EF1500250195F075018102050819BD
:100C4000012905950575019102950175039101C072
:100C50000660FF0961A1010962150026FF009540A9
:100C6000750881020963150026FF009540750891FB
:100C700002C005010906A101050719E029E71500D1
:100C80002501950875018102950175088101050707
:100C9000190029FF150026FF00950675088100053B
:100CA0000819012905150025019505750191029581
:100CB0000175039101C03803590055004E005A00D8
:100CC0004900490020004200370035002000500054
:100CD00052004F0020004D004100580020004B0002
:100CE0006500790062006F0061007200640000001E
:100CF000160353006D0061007200740043006C0025
:100D00006F00750064000000040309040000000087
:100D100029E20008CDE500089DE6000840004000FB
:100D2000FC2B0020FC2B002001000000F32B0020F6
:100D3000040204080800030708080808080808084F
:100D40000B0F000003000000020000000001000083
:100D5000000000000008000000000008000008007B
:100D600000000100000000000096000000000000EC
:100D700000000000481A0108803200208032002064
:100D800080320020481A0108000000000000000026
:100D900000000000481A01080000000000000000E8
:100DA00000000000481A01080000000000000000D8
:100DB00000000000481A01080000000000000000C8
:100DC00000000000481A01080000000000000000B8
:100DD00000000000481A01080000000000000000A8
:100DE00000000000481A0108000000000000000098
:100DF000000000000000000097B6000801B60008DF
:100E00006FB50008EDB4000879B50008F7B4000824
:100E1000A1B600080BB600080000000003000000A7
:100E2000000000006DAA0008000000002000000083
:100E3000102C002000000000020000000000000054
:100E400003000000000000006DAA00080000000080
:100E500020000000242C0020000000000200000000
:100E60000000000003000000000000006DAA000860
:100E70000000000008000000382C002000000000E6
:100E8000020000000000000009027400040100A03C
:100E9000FA09040000010301010009211101000108
:100EA0002244000705810308000109040100020330
:100EB0000000000921110100012222000705820320
:100EC000400001070503034000010904020001037B
:100ED00000000009211101000122B600070584036A
:100EE0002000010904030001030000000921110191
:100EF00000012215000705850320000112010002F0
:100F000000000040E928C831090101020001442223
:100F1000B6150000720C0108500C01089A0B01086C
:100F2000850B01089A0E0108B30E0108D30E0108C3
:100F3000EC0E010804163800080D0108F00C010839
:100F4000B60C01080000010200121314002425262B
:100F5000003637380048494A005A5B5C006C6D6EB9
:100F6000007E7F8001000102011213140124252656
:100F7000013637380148494A0003040500151617A1
:100F80000027282900393A3B004B4C4D005D5E5F3D
:100F9000006F70710081828301030405011516172B
:100FA0000127282901393A3B014B4C4D015D5E5F19
:100FB000016F7071000607080018191A002A2B2CFF
:100FC000003C3D3E004E4F50006061620072737401
:100FD00000848586010607080118191A012A2B2C9E
:100FE000013C3D3E014E4F500160616201727374DD
:100FF00000090A0B001B1C1D002D2E2F003F404135
:1010000000515253006364650075767700878889C4
:1010100001090A0B011B1C1D012D2E2F013F404110
:10102000015152530163646501757677000C0D0E12
:10103000001E1F20003031320042434400545556F8
:10104000006667680078797A008A8B8C010C0D0E37
:10105000011E1F20013031320142434401545556D4
:10106000016667680178797A000F10110021222348
:1010700000333435007B7C7D01212223013334355C
:10108000014546470157585901696A6B017B7C7DD0
:10109000015A5B5C016C6D6E5245454E54206D618A
:1010A0006C6C6F6320737563636565646564002FA2
:1010B000742F6275696C642F686F73745F77696EE3
:1010C000646F77735836342D7461726765745F622C
:1010D0006172656D6574616C41524D2F2E62756948
:1010E0006C642F484F53542D7838365F36342D7743
:1010F00036342D6D696E677733322F61726D2D6EC8
:101100006F6E652D656162692F7372632F6E6577EF
:101110006C69622D6E616E6F2F6E65776C69622FE0
:101120006C6962632F7374646C69622F72616E64A0
:101130002E63002C2066756E6374696F6E3A200012
:10114000617373657274696F6E2022257322206645
:1011500061696C65643A2066696C6520222573229A
:101160002C206C696E65202564257325730A002385
:101170002D302B2000686C4C0065666745464700A3
:1011800030313233343536373839414243444546BD
:101190000030313233343536373839616263646553
:1011A0006600296C6C756E2800296C696E28004FEA
:1011B0006E6573686F743A206163746976653A206E
:1011C00025640A007267626C6967687420736574CD
:1011D00020687376205B454550524F4D5D3A20257F
:1011E000752C25752C25750A007267626C69676815
:1011F000742073657420687376205B4E4F454550AC
:10120000524F4D5D3A2025752C25752C25750A0009
:101210007267626C69676874206D6F6465205B45F6
:101220004550524F4D5D3A2025750A007267626C39
:1012300069676874206D6F6465205B4E4F4545504B
:10124000524F4D5D3A2025750A007267626C6967DE
:1012500068742074696D65722064697361626C657D
:101260002E0A007267626C696768742074696D6524
:101270007220656E61626C65642E0A006B6579632D
:101280006F6465203D3D20524F544152595F4D4F90
:10129000440044454255473A20656E61626C65647E
:1012A0002E0A0044454255473A2064697361626CD6
:1012B00065642E0A0055534220636F6E6669677538
:1012C0007265642E0A007267625F6D61747269787C
:1012D0005F696E69745F64726976657273207267A4
:1012E000625F6D61747269785F636F6E6669672EA5
:1012F0006D6F6465203D20302E2057726974652023
:1013000064656661756C742076616C7565732074B4
:101310006F20454550524F4D2E0A006565636F6E34
:101320006669675F7570646174655F7267625F6D3F
:1013300061747269785F64656661756C740A0072C5
:1013400067625F6D61747269785F636F6E6669670B
:1013500020454550524F4D0A007267625F6D6174BF
:101360007269785F636F6E6669672E656E61626C25
:1013700065203D2025640A007267625F6D617472AA
:1013800069785F636F6E6669672E6D6F6465203D77
:101390002025640A007267625F6D61747269785F0C
:1013A000636F6E6669672E6873762E68203D202510
:1013B000640A007267625F6D61747269785F636F5F
:1013C0006E6669672E6873762E73203D2025640A49
:1013D000007267625F6D61747269785F636F6E66D9
:1013E00069672E6873762E76203D2025640A007288
:1013F00067625F6D61747269785F636F6E6669675B
:101400002E7370656564203D2025640A0072676252
:101410005F6D61747269785F636F6E6669672E666F
:101420006C616773203D2025640A007267626C69F5
:101430006768745F696E6974207374617274210ADD
:10144000007267626C696768745F696E69742072A4
:1014500067626C696768745F636F6E6669672E6D3B
:101460006F6465203D20302E2057726974652064BA
:10147000656661756C742076616C75657320746F38
:1014800020454550524F4D2E0A007267626C6967C5
:1014900068745F636F6E66696720454550524F4DB3
:1014A0003A0A007267626C696768745F636F6E66A0
:1014B00069672E656E61626C65203D2025640A00B7
:1014C0007267626C696768745F636F6E6669672EC6
:1014D00076656C6F63696B6579203D2025640A0031
:1014E0007267686C696768745F636F6E6669672EA0
:1014F0006D6F6465203D2025640A007267626C6927
:101500006768745F636F6E6669672E687565203DF6
:101510002025640A007267626C696768745F636F94
:101520006E6669672E736174203D2025640A00721F
:1015300067626C696768745F636F6E6669672E7651
:10154000616C203D2025640A007267626C696768DF
:10155000745F636F6E6669672E7370656564203DA6
:101560002025640A000A722F63203031323334356B
:10157000363738394142434445460A00253032580F
:10158000002530313662006C65645F7461736B3ABC
:1015900020253032580A00302E32342E322D332D91
:1015A000673961653464302D646972747900225939
:1015B000554E5A4949204237352050524F204D410F
:1015C00058204B6579626F617264220022536D610D
:1015D0007274436C6F756422006330004E4F454552
:1015E00050524F4D00726762206D617472697820AD
:1015F0006D6F6465205B25735D3A2025750A007266
:101600006762206D617472697820736574206873F5
:1016100076205B25735D3A2025752C25752C257564
:101620000A00726762206D61747269782073657454
:10163000207370656564205B25735D3A2025750A0B
:10164000006B6579626F6172645F7265706F72744E
:101650003A2025303258207C200025303258200096
:101660006E6B726F5F7265706F72743A20253032E4
:1016700058207C20006164645F6B65795F626974E7
:101680003A2063616E2774206164643A2025303209
:10169000580A0064656C5F6B65795F6269743A2013
:1016A00063616E27742064656C3A20253032580AD5
:1016B000006D6F7573656B6579205B62746E7C7805
:1016C0002079207620685D287265702F61636C290F
:1016D0003A205B007C002564005D28002575002F02
:1016E00000290A00444D41206661696C75726500ED
:0C16F00065786974006B696C6C00000088
:0816FC00A00BFF7F01000000BC
:1017040039050100A72F0008FFFFFFFFFFFF0000BE
:10171400FFFF0000CDAA000845E1000865E10008CC
:1017240071E1000891E1000800FF00FFFF030000E1
:10173400FF0000FF0000FF0000FF0000FF0000FFAB
:101744000000FF0000FF0000FF0000FF0000FF009A
:1017540000FF0000FF0000FF0000FF0000FF00008A
:10176400FF0000FF0000FF0000FF0000FF0000FF7B
:101774000000FF0000FF0000FF0000FF0000FF006A
:1017840000FF0000FF0000FF0000FF0000FF00005A
:10179400FF0000FF0000FF0000FF0000FF0000FF4B
:1017A4000000FF0000FF0000FF0000FF0000FF003A
:1017B40000FF0000FF0000FF0000FF0000FF00002A
:1017C400FF0000FF0000FF0000FF0000FF0000FF1B
:1017D4000000FF0000FF0000FF0000FF0000FF000A
:1017E40000FF0000FF0000FF0000FF0000FF0000FA
:1017F400FF0000FF0000FF0000FF0000FF0000FFEB
:101804000000FF0000FF0000FF0000FF0000FF00D9
:1018140000FF0000FF0000FF0000FF0000FF0000C9
:10182400FF0000FF0000FF0000FF0000FF000000B9
:10183400040000000400000000000000000000009C
:101844000000000000000000000000000000000094
:101854000000000000000000000000000000000084
:101864000000000000000000000000000000000074
:101874000000000003000000000000009BE10008DD
:101884000000000040000000000000000000000014
:10189400020000000000000003000000000000003F
:1018A4000000000049D200080000400000000000D1
:1018B400000000000200000000000000030000001F
:1018C40000000000D9AA0008000000000800000081
:1018D4000000000000000000020000000000000002
:1018E400502900200203000004000000040000004E
:1018F40040000000400000000000000068110020CB
:10190400581000200000000000000000000000004B
:1019140000000000000000000000000000000000C3
:1019240000000000000000000000000000000000B3
:1019340000000000000000000000000000000000A3
:101944000000000000000000000000000000000093
:101954000000000000000000000000000000000083
:101964000000000000000000000000000000000073
:101974000000000000000000000000000000000063
:1019840000000000010000000132320201050000E5
:10199400FFFFFFFFA0120020000000000000000075
:1019A40004000000753E00084D510008295200084B
:1019B400994F0008815000080100000055200000E4
:1019C400536D617274424C45000000000000000039
:1019D40000000096000000000800000000960000CF
:1019E4000000000000000000EC0E002000000000D9
:1019F400A82F0020103000207830002000000000C4
:101A040000000000000000000000000000000000D2
:101A140000000000000000000000000000000000C2
:101A240000000000000000000000000000000000B2
:101A3400000000000000000000000000030000009F
:041A4400A82F0020A7
:040000050800223994
:00000001FF
